Family,Education,Mortgage,Personal Loan,Securities Account,CD Account,Saving
4,1,0,0,1,0,47.4
3,1,0,0,1,0,32.5
1,1,0,0,0,0,10.0
1,2,0,0,0,0,97.3
4,2,0,0,0,0,44.0
4,2,155,0,0,0,28.6
2,2,0,0,0,0,70.5
1,3,0,0,0,0,21.7
3,2,104,0,0,0,80.4
1,3,0,1,0,0,171.1
4,3,0,0,0,0,102.6
3,2,0,0,0,0,44.9
2,3,0,0,1,0,110.2
4,2,0,0,0,0,37.5
1,1,0,0,1,0,110.0
1,3,0,0,0,0,20.5
4,3,134,1,0,0,125.3
4,1,0,0,0,0,78.6
2,3,0,1,0,0,184.9
1,2,0,0,1,0,20.5
4,2,111,0,0,0,24.1
3,3,0,0,0,0,61.0
1,1,260,0,0,0,60.8
2,1,163,0,1,0,42.3
2,1,159,0,0,0,148.1
3,1,97,0,0,0,28.5
4,3,0,0,0,0,82.8
1,1,0,0,0,0,155.6
1,3,0,0,0,0,45.8
1,2,0,1,0,1,115.7
1,3,122,0,0,0,33.8
1,2,0,0,0,0,27.0
2,3,193,0,0,0,40.4
3,3,0,0,0,0,17.1
4,3,0,0,0,0,48.2
3,1,0,0,0,0,80.3
1,1,0,0,0,0,118.1
1,3,198,0,0,0,69.6
3,3,0,1,1,1,136.0
4,3,285,0,0,0,79.3
3,3,0,0,1,0,82.4
3,1,0,0,0,0,57.7
4,2,412,1,0,0,130.9
1,1,0,0,0,0,44.3
1,1,0,0,0,0,98.3
4,1,0,0,0,0,49.5
3,2,153,0,0,0,42.3
4,3,211,1,1,1,193.8
2,3,0,0,0,0,76.5
1,1,0,0,0,0,47.2
4,2,0,0,1,0,7.3
1,1,0,0,0,0,128.1
1,1,207,0,0,0,71.9
3,3,240,1,0,0,187.9
1,3,0,0,0,0,43.8
2,1,0,0,0,0,131.0
3,2,0,0,1,1,28.9
2,3,0,1,0,0,129.8
2,1,0,0,0,0,92.8
2,1,455,0,0,0,183.5
3,2,0,0,1,0,37.3
1,1,112,0,1,0,119.3
1,1,0,0,0,0,21.0
4,2,0,0,0,0,32.0
2,1,0,0,0,0,101.7
1,1,0,0,0,0,127.2
2,1,336,0,0,0,102.2
4,3,132,0,1,0,43.0
3,1,0,0,0,0,57.9
4,1,0,0,0,0,19.8
1,1,0,0,0,0,111.5
4,2,0,0,0,0,68.0
1,1,0,0,0,0,125.0
1,3,0,0,0,0,81.0
2,1,0,0,0,0,131.7
4,2,0,1,0,1,131.2
3,3,0,0,0,0,11.7
3,2,0,0,0,0,28.5
2,3,0,1,0,0,130.4
2,1,118,0,0,0,18.6
4,1,174,0,0,0,39.7
3,2,0,0,0,0,37.3
1,3,0,0,0,0,78.0
1,2,0,0,0,0,47.6
1,3,0,0,0,0,17.1
4,3,0,0,0,0,107.2
4,2,126,0,0,0,39.8
3,1,0,0,0,0,76.9
2,1,0,0,0,0,49.9
4,3,0,0,0,0,110.7
4,2,0,1,0,0,112.4
4,3,0,0,0,0,27.9
3,2,0,0,0,0,33.4
2,3,236,0,1,0,62.3
1,1,0,0,0,0,119.0
4,3,0,0,0,0,47.8
1,1,0,0,0,0,74.8
1,1,0,0,0,0,158.1
1,1,0,0,0,0,93.7
3,3,0,0,0,0,14.9
1,1,0,0,0,0,72.8
3,2,0,0,0,0,28.7
3,3,198,0,0,0,43.0
2,2,0,0,0,0,21.7
4,1,166,0,0,0,36.7
3,2,0,0,1,0,34.9
4,1,0,0,0,0,66.1
1,1,136,0,0,0,42.3
1,3,166,0,0,0,31.4
1,1,0,0,0,0,46.2
3,2,0,0,0,0,8.0
4,2,0,0,0,0,43.7
3,1,309,0,0,0,81.0
2,1,103,0,0,0,89.2
3,3,0,0,0,0,38.5
3,2,0,0,0,0,79.2
1,2,0,0,0,0,33.5
2,3,193,0,0,0,58.7
3,1,0,0,0,0,70.0
1,1,366,0,0,0,107.4
2,3,0,0,0,0,11.8
3,3,0,0,0,0,37.1
2,2,0,0,0,0,72.3
1,2,0,0,1,0,80.4
4,1,118,0,0,0,75.6
3,1,0,0,0,0,79.5
2,1,101,0,0,0,113.7
1,2,251,0,0,0,79.3
2,1,0,0,1,0,74.0
3,3,0,0,0,0,69.5
3,1,276,0,0,0,79.5
4,2,0,1,0,1,141.8
2,3,0,0,0,0,49.25
3,2,0,0,0,0,37.9
3,2,0,0,0,0,96.2
4,1,0,0,0,0,42.9
4,2,0,0,0,0,46.5
2,1,0,0,0,0,127.6
3,1,0,0,1,1,40.5
1,3,0,0,0,0,16.8
2,3,161,0,0,0,30.6
3,1,149,0,0,0,56.0
1,3,0,0,0,0,45.9
4,1,0,0,0,0,52.4
2,2,0,0,0,0,68.5
1,1,0,0,0,0,116.6
1,2,0,0,0,0,81.33
4,3,188,0,0,0,79.4
2,1,116,0,0,0,162.6
3,2,0,0,0,0,39.8
2,1,0,0,0,1,110.5
3,3,0,1,0,0,125.5
1,1,0,0,0,0,22.7
2,1,0,0,1,1,21.0
4,3,0,0,0,0,56.7
4,1,0,0,0,0,58.4
4,1,0,0,0,0,14.6
4,1,0,0,0,0,80.33
2,3,0,0,0,0,77.5
4,2,0,0,1,0,39.3
4,3,0,1,0,0,127.5
2,1,0,0,0,0,77.2
1,1,0,0,0,0,50.0
4,1,0,0,0,0,67.4
2,1,0,0,1,0,90.9
1,1,0,0,0,0,41.5
3,2,0,0,0,0,20.0
3,3,0,0,0,0,22.1
4,1,0,0,0,0,12.0
4,3,0,0,0,0,109.9
2,1,0,0,0,0,136.0
3,1,0,0,1,0,10.6
2,1,0,0,0,0,163.2
4,1,0,0,0,0,40.5
2,2,0,1,0,0,160.1
4,2,0,0,1,0,83.9
3,2,135,0,0,0,43.0
4,2,244,0,0,0,63.2
4,1,0,0,0,0,23.8
1,1,0,0,0,0,10.9
2,3,164,0,0,0,37.0
4,2,81,0,0,0,9.3
1,1,0,0,0,0,133.5
3,1,0,1,0,0,143.9
2,2,0,0,1,0,61.5
1,3,0,0,0,0,114.0
1,1,0,0,0,0,44.7
3,3,315,1,0,0,157.1
2,1,122,0,0,0,166.9
2,1,0,0,0,0,110.6
1,1,0,0,0,0,88.7
1,3,140,0,0,0,28.7
1,2,0,0,0,0,82.33
4,1,0,0,0,0,20.4
2,1,0,0,0,0,137.2
4,1,95,0,1,0,12.0
1,1,0,0,0,0,160.0
4,1,89,0,0,0,8.3
4,1,90,0,1,0,59.0
1,3,0,1,0,1,152.9
1,3,0,0,0,0,27.1
2,3,0,0,0,0,18.6
4,2,0,0,0,0,66.0
4,1,0,0,0,0,62.8
2,2,105,0,0,0,59.1
4,2,100,0,0,0,89.6
1,1,0,0,1,0,30.0
4,2,0,0,0,0,70.9
4,1,0,0,0,0,70.33
4,1,282,1,0,1,168.9
2,1,0,0,0,0,20.0
1,1,0,0,0,0,54.8
2,1,209,0,0,0,67.3
1,1,0,0,0,0,147.6
1,2,0,0,0,0,92.1
2,1,249,0,0,0,92.0
2,1,0,0,0,0,124.4
3,1,0,0,0,0,71.0
3,3,0,0,0,0,71.7
1,3,0,0,0,0,58.8
2,1,0,0,0,0,24.7
2,2,0,0,0,0,81.3
3,1,0,0,0,0,101.5
3,3,0,0,0,0,40.0
4,3,91,0,0,0,56.2
1,3,0,0,0,0,91.5
2,2,0,0,0,0,37.3
2,1,0,0,0,1,140.5
4,3,98,0,1,1,51.1
2,1,145,0,0,0,69.3
1,2,0,0,0,0,89.2
4,3,0,0,0,0,58.9
3,2,135,0,0,0,35.5
4,1,0,0,0,0,56.3
1,2,150,0,0,0,79.2
4,3,0,0,0,0,69.2
3,3,0,0,0,0,88.5
1,3,0,0,0,0,81.2
3,1,0,0,0,0,27.8
4,2,0,0,0,0,50.3
1,1,169,0,0,0,68.8
1,3,0,0,0,0,69.6
1,3,280,0,0,0,71.3
3,3,99,1,0,1,162.1
4,1,78,0,0,0,77.2
2,2,0,0,0,0,24.0
2,3,0,0,0,0,59.4
4,2,111,1,1,1,117.3
2,1,264,0,0,0,97.6
3,3,113,0,0,0,52.4
3,2,117,0,0,0,28.0
2,2,325,1,0,0,163.8
3,1,0,0,0,0,50.8
1,1,0,0,0,0,138.0
3,3,121,1,0,0,130.1
2,3,138,0,0,0,41.3
4,3,0,0,0,0,96.7
3,1,0,0,0,0,17.5
4,1,0,0,0,0,23.7
1,1,77,0,0,0,53.6
1,1,0,0,0,0,58.0
2,3,251,1,0,0,109.8
1,3,0,0,0,1,32.7
4,2,112,0,0,0,72.2
2,1,0,0,0,0,37.3
4,3,98,0,1,0,22.4
2,1,0,0,0,0,59.5
1,1,138,0,0,0,78.1
1,1,0,0,0,0,126.5
1,3,0,0,0,0,32.25
4,1,0,0,0,0,60.8
4,2,0,0,0,0,68.6
4,1,158,0,0,0,44.8
3,3,0,0,0,0,64.5
4,1,0,0,1,0,71.8
4,3,0,0,1,0,48.2
4,3,109,0,0,0,21.5
4,3,0,0,0,0,29.0
4,1,0,0,0,0,20.0
2,1,0,0,0,0,151.1
4,3,164,0,0,0,61.9
4,3,0,0,0,0,62.4
4,3,0,0,0,0,70.3
3,2,0,0,1,0,39.5
3,3,0,0,0,0,68.5
3,2,0,0,0,0,66.67
3,2,131,0,0,0,44.4
3,2,0,0,0,0,61.3
2,3,391,1,1,1,167.7
3,2,0,0,0,0,23.0
1,1,0,0,0,0,75.1
3,2,88,0,0,0,7.33
4,1,129,0,0,0,37.2
4,3,0,0,0,0,90.4
1,1,0,0,0,0,53.0
2,3,0,0,0,0,62.3
1,1,0,0,0,0,122.0
3,3,0,0,0,0,68.6
2,1,0,0,0,0,77.8
1,3,0,1,0,1,153.5
4,1,0,0,1,0,68.7
2,1,196,0,0,0,143.1
2,1,0,0,0,0,144.5
4,1,617,1,0,0,192.0
1,1,0,0,0,0,21.9
1,1,123,0,0,0,20.7
3,1,0,0,0,0,78.2
1,3,0,0,0,0,31.6
2,1,0,0,0,1,123.67
1,1,0,0,1,0,87.2
4,1,0,0,0,0,38.1
1,1,167,0,0,0,113.7
1,3,0,0,1,0,20.33
3,1,0,0,0,0,38.7
2,3,0,0,0,0,44.3
3,3,0,0,0,0,50.7
1,2,0,1,0,0,163.4
2,2,0,1,0,0,114.8
4,3,190,0,0,0,108.2
3,2,0,0,0,0,19.3
1,2,248,0,0,0,63.2
3,2,82,1,0,0,96.6
1,1,0,1,1,1,97.1
1,1,0,1,0,0,94.6
4,1,0,1,0,0,151.9
1,2,0,0,0,0,87.1
1,3,0,0,0,1,78.7
2,1,402,0,0,0,112.0
3,2,0,0,0,0,48.5
1,1,0,0,0,0,184.67
4,2,0,0,0,0,77.0
3,1,0,0,0,0,27.0
1,2,0,0,0,0,41.2
1,1,0,0,0,0,137.5
1,2,0,0,0,0,43.7
2,1,360,0,0,1,121.7
3,2,0,0,0,0,62.4
1,3,0,0,0,0,66.6
2,1,392,0,0,0,151.0
4,2,0,0,0,0,87.6
1,1,0,0,0,0,88.4
4,2,185,0,0,0,53.0
2,1,0,0,0,0,114.7
1,3,103,0,0,0,21.33
3,3,138,0,0,0,61.6
4,2,78,0,1,0,11.5
3,2,0,0,0,0,47.3
2,3,0,0,1,1,41.4
4,1,0,1,0,1,166.4
2,1,132,1,0,0,57.0
1,3,0,0,1,0,112.0
4,2,0,1,0,0,149.7
4,2,0,0,0,0,90.0
4,2,0,0,0,0,53.9
2,1,419,0,0,0,171.6
3,3,0,0,0,0,70.7
2,3,88,0,0,0,23.6
1,2,81,0,0,0,40.0
2,1,0,0,0,0,136.67
1,3,0,0,0,0,30.1
4,1,0,0,0,0,53.7
2,1,0,0,0,0,145.5
2,1,270,0,0,0,111.6
2,2,0,0,0,0,28.3
3,3,148,0,0,0,28.0
1,2,466,1,0,0,167.2
1,3,0,0,0,0,34.7
2,2,175,0,0,0,96.0
2,3,159,0,0,0,29.0
2,1,0,0,0,0,55.5
4,1,147,0,0,0,24.0
4,1,0,0,0,0,18.3
4,2,174,0,0,0,43.3
4,1,111,0,0,0,19.0
2,1,220,0,0,0,94.9
3,1,0,0,0,0,88.4
3,1,0,0,0,0,60.3
4,2,0,0,0,0,38.0
2,3,0,0,0,0,35.9
2,2,0,0,0,0,26.3
1,3,0,0,0,0,32.5
2,3,0,0,0,0,70.7
4,1,0,1,0,0,131.0
1,1,0,0,0,0,52.8
4,3,0,0,0,0,20.4
3,1,0,0,0,0,39.1
4,2,0,0,0,0,39.3
4,2,0,0,0,0,80.2
4,3,0,1,0,0,96.6
1,1,0,0,0,0,148.0
1,1,0,0,0,0,44.8
3,3,0,0,0,0,8.7
4,3,0,0,0,0,46.2
4,3,109,0,1,1,17.9
4,1,0,0,0,0,76.6
2,1,0,0,0,0,61.2
4,1,0,0,0,0,28.9
3,2,0,0,0,0,47.3
2,1,0,0,0,0,22.6
4,1,0,0,0,0,83.8
3,1,0,1,0,0,172.4
4,2,112,0,0,0,28.5
1,1,133,0,0,1,88.1
2,2,0,0,0,0,37.1
3,2,182,0,0,0,59.5
1,1,290,0,1,1,129.2
1,1,0,0,0,0,122.6
1,3,0,0,0,0,56.2
2,1,0,0,0,0,86.2
1,2,125,0,0,0,79.33
2,1,0,0,0,0,106.7
4,3,0,0,1,0,51.7
4,3,0,0,0,0,87.1
3,1,0,0,0,0,39.7
3,2,0,0,0,0,39.1
4,2,124,0,0,0,37.0
2,1,0,0,0,0,84.6
4,2,0,0,0,0,82.0
4,3,0,0,0,0,32.0
4,1,0,0,0,0,47.9
4,3,0,0,0,0,54.4
4,2,0,1,0,0,111.9
2,1,0,0,1,1,138.7
2,1,0,0,0,0,153.5
1,1,0,0,0,0,37.8
4,1,0,0,0,0,27.2
3,1,0,0,0,0,72.67
3,1,116,0,0,0,33.7
2,1,116,0,0,0,23.0
4,2,0,0,0,0,77.9
1,3,161,0,0,0,111.7
3,1,224,0,0,0,72.9
1,1,0,0,0,0,85.3
4,1,141,0,0,0,30.8
1,2,0,0,0,0,43.2
3,1,0,0,0,0,79.2
3,3,112,0,0,0,48.6
4,2,0,0,1,0,30.0
2,2,119,1,0,1,109.2
4,1,0,0,0,0,28.4
2,1,139,0,0,0,57.5
1,2,0,0,1,0,41.7
1,3,115,1,0,0,119.0
1,1,0,0,0,0,28.0
2,3,0,0,0,0,91.0
3,3,0,0,0,0,62.8
1,1,0,0,0,0,21.0
1,3,0,0,0,0,69.6
4,2,0,0,0,0,58.0
3,3,0,0,0,0,58.0
1,1,0,0,0,0,68.7
2,3,89,0,0,0,46.25
3,2,0,0,0,0,20.8
4,2,0,0,1,0,50.2
3,3,0,0,0,0,28.1
4,2,0,0,0,0,57.8
3,2,116,0,0,0,41.5
3,3,0,0,0,0,68.7
1,1,0,0,0,0,19.0
2,1,458,0,0,0,197.0
2,1,0,0,0,0,138.9
2,1,0,0,1,0,77.3
3,3,0,1,0,0,174.7
2,2,0,1,1,1,143.5
4,3,0,1,0,0,79.4
1,2,172,0,0,0,33.1
2,3,0,0,0,0,12.1
1,1,0,0,0,0,36.6
1,3,0,0,0,0,20.5
2,3,0,0,0,0,9.3
4,2,0,0,0,0,82.2
4,1,161,0,0,0,29.9
4,1,156,0,0,0,30.7
1,2,547,1,0,0,180.8
2,1,0,0,0,0,107.1
3,2,0,1,0,0,145.9
1,2,0,0,1,0,52.2
4,2,78,0,0,0,23.6
2,1,0,0,0,0,146.7
2,1,470,0,0,0,126.0
3,3,0,0,0,0,66.4
1,1,0,0,0,0,51.8
1,2,88,1,0,1,168.4
3,2,0,0,0,0,29.0
2,1,0,0,0,0,112.8
1,2,0,0,0,0,14.2
2,1,304,0,1,0,80.3
4,2,0,0,0,0,86.6
3,1,0,0,0,0,40.2
2,3,0,0,0,1,40.9
2,1,0,0,0,0,87.3
4,1,104,0,1,0,33.7
4,1,0,0,0,0,36.7
1,1,0,0,0,0,172.0
2,1,0,0,0,0,152.0
4,2,0,0,0,0,43.4
2,3,0,0,0,0,82.6
4,3,0,0,0,0,91.4
1,3,0,0,0,0,40.9
3,2,0,0,0,0,40.3
2,1,0,0,0,0,33.7
3,2,0,0,0,0,37.1
1,2,0,0,0,0,69.9
4,3,185,0,0,0,37.2
3,3,0,0,0,0,42.0
3,2,0,1,0,0,65.9
3,3,0,0,0,0,43.1
3,3,0,0,0,0,31.9
2,3,0,0,0,0,14.3
2,1,112,0,0,0,111.2
1,2,221,0,0,0,60.7
4,2,0,0,0,0,79.8
3,1,108,0,0,0,51.0
1,3,0,0,0,0,45.9
3,3,0,0,0,0,73.7
1,3,211,0,0,0,112.0
3,2,0,0,0,0,79.3
3,2,169,0,0,0,42.0
1,2,0,0,0,0,32.2
1,3,105,0,0,0,45.5
4,2,129,0,0,0,52.8
4,2,0,0,0,0,73.6
1,1,224,0,0,0,69.2
4,1,0,0,0,0,38.1
4,1,0,0,0,0,74.8
2,1,179,0,0,0,76.2
1,1,271,0,0,0,198.67
2,1,89,0,0,0,64.9
4,1,378,1,0,0,121.8
1,2,0,0,0,0,81.2
2,1,0,0,0,0,20.8
4,3,0,0,1,1,47.9
2,1,113,0,0,1,36.2
1,1,0,0,0,0,99.1
2,3,0,0,1,0,40.4
1,1,0,0,0,0,131.7
3,2,176,0,0,0,40.6
1,3,0,1,0,0,126.1
1,2,76,0,0,0,10.6
1,3,117,0,0,0,20.7
4,3,314,0,0,0,106.7
2,1,0,0,0,0,136.67
3,1,0,0,0,0,80.9
3,1,90,0,0,0,51.6
2,1,0,0,0,0,156.2
4,1,87,0,0,0,27.7
3,3,203,0,1,0,65.4
3,3,180,0,1,1,42.0
1,3,0,0,0,0,59.6
3,2,0,0,0,0,33.7
3,2,0,0,0,0,53.7
1,1,0,0,0,0,13.9
4,1,230,0,0,0,49.8
2,1,0,0,0,0,100.7
2,1,0,0,0,0,141.8
4,1,137,0,0,1,34.2
3,3,129,0,0,0,20.7
2,1,0,0,0,0,116.1
4,2,0,0,1,0,36.0
4,1,138,0,0,0,23.8
1,3,0,0,0,0,55.3
4,3,0,0,0,0,39.33
1,2,0,0,0,0,84.2
4,1,0,0,0,0,11.0
1,3,152,0,0,0,31.4
3,1,0,0,0,0,78.2
3,3,0,1,0,1,171.4
3,1,0,0,0,0,27.1
2,1,161,0,0,0,40.9
3,1,185,0,0,0,67.9
3,2,485,1,1,1,154.5
4,2,0,0,0,0,50.8
1,1,0,0,0,0,124.6
3,2,0,0,0,0,49.0
2,2,0,0,0,0,78.0
1,2,0,0,0,0,90.3
3,3,0,0,0,0,47.7
2,1,0,0,0,0,142.2
3,2,0,0,0,0,46.5
1,2,0,0,0,0,85.3
4,3,0,0,0,0,21.6
4,1,0,0,0,0,52.8
1,3,155,0,0,0,71.3
2,2,0,0,0,0,36.3
1,1,300,0,0,0,110.6
4,3,0,0,0,0,79.0
2,1,0,0,0,0,100.6
1,1,272,0,0,0,89.1
2,1,0,0,0,1,37.5
1,1,0,0,0,0,122.0
4,3,0,0,0,0,36.9
1,1,0,0,0,0,50.0
4,3,0,0,1,1,77.0
4,2,0,0,0,0,45.8
1,1,144,0,0,0,85.0
1,1,94,0,0,0,39.2
1,3,0,1,0,0,148.5
2,1,0,0,1,0,117.8
2,3,90,0,0,0,10.8
2,1,0,0,0,0,100.5
2,1,0,0,0,0,140.5
1,1,0,0,0,0,36.6
2,1,0,0,0,0,134.4
2,2,89,0,0,0,27.5
4,1,240,0,0,0,67.8
1,1,0,0,0,0,40.8
3,2,208,0,0,0,80.1
1,3,0,1,0,0,169.9
4,2,0,0,0,0,53.3
4,3,0,0,0,0,22.5
3,2,275,0,0,0,79.2
4,1,83,0,0,0,30.2
1,1,0,0,0,0,127.7
1,1,0,0,1,0,107.1
1,1,0,0,0,0,171.4
2,1,0,0,0,0,132.1
2,3,0,0,0,0,31.6
4,3,0,0,0,0,71.4
2,3,115,0,0,0,41.3
1,3,0,0,0,0,70.0
4,2,0,1,0,0,112.1
2,2,0,0,0,0,112.2
2,1,131,0,0,0,90.1
1,3,78,0,0,0,33.7
2,2,122,0,0,0,52.33
2,3,211,0,0,0,63.0
1,3,100,0,0,0,41.8
3,1,0,0,0,0,67.9
1,2,0,0,0,0,49.7
4,1,218,0,0,1,68.1
3,1,108,0,0,0,33.7
3,2,0,0,0,0,39.0
4,3,0,1,0,0,162.3
1,3,0,0,0,0,16.5
3,1,0,0,1,1,30.6
3,1,169,0,0,0,34.8
2,1,196,0,0,0,113.9
4,3,0,0,0,0,30.9
3,1,0,0,0,0,33.5
2,3,0,0,0,0,31.8
1,3,327,0,1,0,81.3
2,1,0,0,0,0,131.2
1,1,0,0,0,0,102.7
2,1,0,0,0,0,150.6
2,2,0,0,0,0,31.0
4,2,322,0,0,0,81.8
4,1,0,0,0,0,59.3
4,1,123,0,1,1,61.8
1,2,0,0,0,0,32.7
4,3,0,0,0,0,79.9
1,3,163,1,1,0,116.9
3,1,131,0,0,0,56.5
1,1,0,0,0,0,89.2
2,2,205,0,0,0,75.6
4,3,0,1,0,0,124.8
2,3,0,0,0,0,12.3
1,3,145,0,0,0,78.2
1,3,0,0,0,0,22.33
3,3,0,0,0,0,34.1
4,2,0,0,0,0,77.3
2,1,0,0,0,0,161.7
2,1,0,0,0,0,49.2
3,2,0,1,0,0,183.0
3,2,0,0,0,0,46.8
1,3,227,0,0,0,62.2
4,3,0,0,1,0,59.0
1,1,0,0,1,1,109.6
3,3,190,0,1,0,70.0
3,1,0,0,0,0,17.5
4,2,0,0,0,0,38.5
4,1,239,0,0,0,58.4
1,2,282,1,1,1,102.0
1,1,0,0,0,0,22.8
1,3,85,0,0,0,21.5
3,1,0,0,0,0,56.9
1,2,160,0,0,0,31.0
1,3,103,0,0,0,10.1
2,1,0,0,0,0,201.2
4,3,207,0,0,0,59.2
3,2,364,0,0,0,101.2
3,1,0,0,0,0,49.5
1,3,0,1,0,0,158.0
1,2,0,0,0,0,11.9
1,2,0,0,0,0,78.4
1,1,449,0,0,0,161.6
2,2,0,0,0,0,46.33
4,2,0,0,0,0,37.4
2,2,0,0,0,0,63.5
4,1,207,0,0,0,69.1
1,1,0,0,1,1,17.7
2,3,75,0,0,0,50.4
3,2,113,0,0,0,45.5
1,3,111,0,0,0,29.0
2,3,107,0,0,0,37.8
1,1,81,0,0,0,108.2
1,1,0,0,0,0,113.1
2,3,82,0,0,0,62.0
1,3,0,0,0,0,81.3
1,3,220,0,0,0,56.5
1,3,91,0,0,0,67.2
2,1,0,0,0,0,82.2
3,3,0,0,0,0,61.2
3,1,0,1,0,0,105.0
2,1,92,0,0,0,133.4
1,1,0,0,0,0,121.6
3,2,0,0,0,0,29.3
1,1,0,0,0,0,143.3
3,2,0,0,0,0,24.33
3,1,115,0,0,0,19.7
4,1,0,0,0,0,69.8
3,3,87,0,0,0,58.1
3,2,187,0,1,0,81.2
2,2,0,0,0,0,9.7
3,2,0,0,0,0,83.4
3,2,0,0,0,0,96.0
1,1,0,0,1,1,31.0
4,2,161,0,0,0,30.6
3,1,0,0,0,0,93.5
2,3,137,0,0,1,20.8
3,1,0,0,1,0,105.6
1,3,0,0,0,0,35.8
1,3,0,0,0,0,37.6
3,2,0,1,0,1,130.8
4,1,0,0,0,0,58.4
1,1,0,0,0,0,90.0
2,1,0,0,0,0,112.9
4,1,0,0,0,0,50.9
3,2,0,0,0,0,16.7
2,2,0,1,0,0,109.6
1,3,0,0,0,0,87.0
1,1,205,0,0,0,133.0
2,1,0,0,0,0,86.7
1,1,0,0,0,0,83.1
1,1,0,0,0,0,78.8
2,1,0,0,0,0,51.9
4,2,0,0,0,0,46.8
3,3,0,1,0,0,148.7
2,2,0,1,0,0,135.2
4,2,0,0,0,0,77.8
2,2,0,0,0,0,79.6
1,1,0,0,0,0,186.9
1,3,0,0,0,0,20.8
1,1,0,0,0,0,78.5
4,1,0,0,1,1,37.8
2,1,0,0,1,0,151.2
3,2,0,0,0,0,47.9
4,2,0,0,0,0,81.6
3,2,0,0,1,1,20.9
1,1,0,0,0,0,13.0
4,2,0,0,0,0,58.4
2,1,0,0,0,0,133.67
1,3,355,0,0,0,96.7
4,2,0,0,0,0,21.4
1,2,0,0,0,0,47.8
2,1,0,0,0,1,100.1
4,2,0,0,0,0,44.3
4,3,0,0,0,0,80.7
3,2,0,0,1,0,79.2
1,2,0,0,1,0,33.5
2,2,0,0,0,0,57.1
3,2,0,0,0,0,50.9
3,1,166,0,0,0,83.3
1,2,100,0,0,0,82.3
1,1,0,0,0,0,64.8
2,2,314,0,0,0,87.3
4,1,0,1,0,0,107.2
1,1,0,0,0,0,78.2
1,3,108,0,0,0,36.9
2,1,0,0,0,0,70.3
4,2,119,0,1,0,76.0
2,2,0,1,0,0,165.1
3,1,106,0,1,0,68.67
1,3,0,1,0,1,160.9
2,1,0,0,0,0,116.1
1,1,0,0,0,0,38.8
3,2,0,0,0,0,22.3
2,3,91,1,0,0,130.4
2,1,76,0,0,0,11.8
2,2,0,0,0,0,91.3
2,3,0,1,0,0,185.6
4,1,0,0,0,0,41.2
3,3,0,1,0,0,154.3
3,3,587,1,1,1,188.0
2,1,0,0,1,0,152.4
2,1,0,0,0,0,91.7
2,1,0,0,0,1,156.4
2,1,0,0,1,0,39.5
3,3,0,1,0,0,192.0
4,1,0,0,0,0,9.3
4,2,0,0,0,0,30.7
4,1,0,0,0,0,57.1
4,2,0,0,0,0,62.2
1,3,0,0,0,0,94.0
2,1,0,0,0,0,148.0
2,3,0,0,0,0,41.7
2,3,0,0,0,0,14.8
2,1,0,0,0,0,79.5
3,3,0,0,0,0,60.5
1,2,0,0,0,0,36.0
4,3,0,0,0,0,36.9
1,1,0,0,0,0,167.0
4,1,0,0,0,0,7.8
3,1,214,0,0,0,49.0
4,3,82,0,0,0,60.2
4,2,0,0,0,0,33.3
3,2,307,1,0,0,126.1
4,3,0,0,0,0,42.5
1,1,0,0,0,0,153.9
3,1,0,0,0,0,61.8
1,3,0,0,0,0,110.9
2,3,0,0,0,0,39.0
4,3,0,0,0,0,50.33
4,2,0,0,0,0,62.8
1,2,0,1,0,0,128.9
2,1,0,0,0,0,44.9
1,2,118,0,0,0,33.1
3,2,263,0,0,0,64.3
2,1,91,0,0,0,37.3
4,2,0,0,0,0,40.9
4,3,0,0,0,0,43.5
1,1,0,0,0,0,144.7
4,3,0,0,0,0,31.5
3,3,0,0,0,0,58.6
1,1,0,0,0,0,43.0
4,1,0,0,1,0,69.6
3,2,0,0,0,0,33.8
3,2,0,0,0,0,22.33
2,3,88,0,0,0,44.0
4,1,75,0,0,0,27.0
4,2,0,0,0,0,77.2
3,2,81,0,0,0,71.3
4,3,0,0,0,0,47.33
4,2,0,0,0,0,29.8
3,3,0,0,0,0,60.8
4,1,0,1,1,1,144.6
2,1,193,0,0,0,138.1
3,1,0,0,0,0,71.0
1,2,81,0,0,0,23.6
4,3,0,0,0,0,27.1
4,1,0,0,0,0,76.6
2,1,310,0,0,0,93.8
1,1,0,0,1,0,116.7
3,1,0,0,0,0,52.0
3,1,0,0,0,0,70.6
1,3,127,0,0,0,70.2
3,2,0,0,0,0,28.0
1,1,0,0,0,0,90.3
1,3,252,0,0,0,71.5
4,2,0,0,0,0,18.1
2,1,0,0,1,1,57.9
1,1,0,0,0,0,38.8
2,2,0,0,1,0,21.6
1,3,127,0,0,0,28.4
1,1,0,0,0,0,154.2
1,2,0,0,1,0,87.4
2,1,77,0,0,0,111.0
1,3,0,0,0,0,40.2
4,1,0,0,0,1,29.8
3,2,0,0,0,0,18.5
3,2,170,1,0,0,119.0
2,2,145,0,0,0,29.3
1,3,124,0,1,0,26.5
2,2,101,0,0,0,14.0
1,3,265,0,0,0,68.4
1,2,0,0,0,0,9.9
3,3,139,0,0,0,21.7
4,1,0,0,0,0,68.1
1,1,0,0,0,0,59.4
2,1,0,0,1,0,157.7
2,1,0,0,0,0,28.2
3,1,0,0,0,0,34.5
4,2,0,0,0,0,45.2
4,1,0,0,0,0,43.2
3,1,134,0,0,0,87.2
4,3,0,0,0,0,37.9
4,2,123,0,0,0,20.6
2,1,0,0,0,0,55.2
4,2,0,0,0,0,58.9
4,3,0,0,0,0,70.0
4,2,0,0,0,0,82.1
1,1,177,0,0,0,57.8
2,1,0,0,0,0,145.2
1,1,0,0,0,0,183.3
1,1,305,0,0,0,76.8
2,2,0,0,0,0,53.9
4,2,0,0,0,0,29.7
3,2,0,0,0,0,72.0
2,1,0,0,0,0,114.7
2,3,372,1,0,0,178.7
2,3,0,0,0,0,80.4
4,3,79,0,0,0,27.5
4,1,301,1,0,1,114.6
2,2,0,0,0,0,50.6
3,1,0,0,0,0,41.6
4,1,232,0,0,0,56.8
4,3,289,0,1,1,81.4
3,1,212,1,0,0,157.6
4,2,137,0,0,0,20.6
4,1,0,0,0,0,62.3
3,2,0,1,0,0,168.6
4,1,172,0,0,0,50.8
4,1,0,0,0,0,23.3
2,1,0,0,0,0,93.4
1,1,250,0,0,0,56.6
4,2,0,0,1,0,49.2
1,1,84,0,0,0,27.0
2,1,130,0,0,0,152.0
2,3,115,0,0,0,14.7
4,3,0,0,0,0,53.33
1,1,305,0,0,0,142.67
1,3,0,0,0,0,77.2
4,3,0,0,0,0,65.4
1,2,0,0,0,0,75.4
2,2,0,0,1,0,32.0
3,1,0,1,1,1,194.6
1,1,303,0,0,0,175.9
2,1,0,0,0,0,81.8
2,1,0,0,0,0,191.2
3,3,0,0,0,0,63.5
1,2,0,0,1,0,85.4
3,2,0,0,0,0,39.6
3,1,126,0,0,0,89.4
1,1,0,0,1,1,37.7
1,2,0,0,0,0,26.5
4,3,0,0,1,0,31.9
1,3,0,0,0,0,30.7
4,2,103,0,0,0,21.6
3,2,138,1,0,0,91.3
4,1,0,0,0,0,72.7
1,2,91,0,0,0,20.5
3,2,0,0,0,0,42.9
1,3,0,0,0,0,42.0
3,2,0,0,1,1,110.2
2,2,0,0,0,0,8.0
2,3,0,0,0,0,81.0
1,1,256,0,0,0,125.3
1,3,0,0,1,0,17.5
3,2,0,0,1,0,61.3
4,2,124,0,1,0,18.6
2,1,0,0,0,0,7.7
1,3,203,1,0,0,188.3
4,1,140,1,0,0,124.6
4,2,0,0,0,0,29.3
4,2,0,0,0,0,78.2
4,3,0,0,0,0,20.5
1,2,0,0,0,0,31.5
4,3,0,0,0,0,61.9
3,3,84,0,0,0,57.8
1,3,259,0,0,0,78.1
3,2,204,0,0,0,44.4
4,2,0,0,0,0,110.2
2,3,0,1,0,0,79.6
2,1,524,0,0,0,172.4
4,2,0,0,1,0,27.8
2,3,249,1,0,0,163.8
4,1,0,0,0,0,13.3
1,1,0,0,0,0,41.0
2,1,0,0,0,0,87.7
4,3,0,0,0,0,75.4
1,2,163,0,0,0,67.8
2,1,0,0,0,0,140.7
4,1,163,0,0,0,29.0
1,1,135,0,0,0,120.0
2,2,0,0,0,0,23.7
4,3,157,0,1,0,75.7
2,2,0,1,0,0,129.8
2,3,0,0,0,0,42.4
4,2,0,0,0,0,69.2
1,2,0,0,0,0,87.3
3,3,0,0,0,0,57.5
2,1,236,0,0,0,71.3
3,3,231,1,0,1,172.3
2,1,174,0,0,0,48.3
1,3,287,0,0,0,81.0
3,1,0,0,0,0,51.8
2,1,0,1,0,0,79.6
4,1,0,0,1,0,23.8
4,2,205,0,0,0,43.9
1,3,0,0,0,0,67.2
4,3,0,0,0,0,47.9
1,3,0,0,0,0,113.0
3,2,0,1,0,1,139.7
3,2,0,0,0,0,51.5
2,1,0,0,0,0,138.7
1,3,0,0,0,0,14.6
1,1,159,0,0,0,113.3
4,1,0,0,0,0,96.1
2,1,0,0,0,0,81.2
1,2,100,0,0,0,30.1
3,3,247,0,0,0,63.5
4,1,0,0,0,0,77.6
4,3,0,0,0,0,26.5
1,1,0,0,0,0,93.0
1,2,0,1,0,0,181.4
1,2,0,0,0,0,40.2
2,3,0,0,0,0,43.4
2,2,214,0,0,0,47.33
3,1,0,0,0,0,66.9
1,2,333,0,0,0,91.2
1,2,0,0,0,0,16.5
4,1,91,0,1,0,7.3
4,1,108,0,0,0,52.9
2,3,0,0,0,0,84.6
4,1,229,0,0,0,62.0
4,3,0,0,0,0,63.0
2,1,0,0,1,0,138.0
1,1,0,0,0,0,100.5
3,3,357,1,0,0,95.5
1,1,0,0,0,0,144.7
2,3,140,0,0,0,24.1
2,1,361,0,1,1,95.5
2,2,166,0,0,0,38.3
1,2,0,0,0,0,38.7
3,1,169,0,0,0,55.9
2,3,301,1,0,1,190.2
1,2,0,0,0,0,61.2
1,2,0,0,1,0,68.2
4,3,170,0,0,0,38.7
2,3,127,0,0,0,60.4
4,2,157,0,0,0,29.7
1,2,97,0,0,0,27.5
2,2,0,0,0,0,40.0
1,2,0,1,0,0,114.7
1,1,366,0,0,0,102.0
4,2,0,1,0,1,121.8
3,1,169,0,0,0,48.5
3,2,0,0,0,0,42.9
1,1,0,0,1,0,103.4
4,3,0,1,0,0,107.5
1,3,0,0,0,0,18.6
4,3,0,0,0,0,110.3
1,2,136,0,0,0,24.9
3,2,0,0,0,0,41.3
2,1,0,0,0,0,28.7
3,1,134,0,1,0,81.9
4,3,0,0,1,0,78.4
4,1,119,0,0,0,54.1
1,2,0,0,1,0,37.6
4,2,0,1,0,1,139.3
2,3,0,1,0,0,173.9
4,3,163,0,0,0,76.2
4,1,0,0,0,0,49.5
4,3,0,0,0,0,48.33
3,1,0,0,0,0,20.6
1,2,83,0,0,0,78.8
1,3,0,0,0,0,80.0
4,2,0,0,0,0,33.6
4,2,0,0,0,0,71.4
3,1,0,0,0,0,89.5
4,3,0,0,0,0,22.8
2,3,294,1,0,1,138.9
4,1,141,0,1,0,53.8
3,2,103,0,0,0,46.8
1,2,0,0,0,0,48.2
4,2,0,0,0,0,7.4
1,1,0,0,1,0,61.0
1,3,0,0,0,0,24.33
2,3,0,0,0,0,61.25
2,3,86,0,0,0,23.8
1,2,0,0,0,0,10.9
1,1,0,0,0,0,22.9
1,3,0,0,0,0,31.6
1,1,97,1,0,0,79.2
3,1,131,0,0,0,37.6
3,2,0,1,0,0,131.1
3,1,0,0,0,0,110.5
4,3,0,1,0,1,124.5
1,1,0,0,0,0,193.3
3,3,0,0,1,0,103.8
2,1,0,1,0,0,71.5
2,2,0,0,0,0,39.0
3,3,137,0,0,0,60.5
2,3,0,0,0,0,70.5
1,1,0,0,0,0,122.0
3,1,0,0,0,0,72.0
4,3,0,0,0,0,58.8
3,2,0,0,0,0,23.0
3,3,329,1,0,0,171.7
2,1,182,0,0,0,38.2
2,1,0,0,1,0,138.2
4,2,142,0,0,0,23.6
3,2,0,0,0,0,19.9
1,2,0,0,0,0,82.4
3,3,0,0,1,0,62.4
4,3,0,1,0,0,185.4
2,1,0,0,1,0,11.0
2,3,167,0,0,0,39.0
3,2,196,0,0,0,53.3
1,1,0,0,0,0,91.2
4,2,0,0,0,0,93.0
4,2,0,0,0,0,76.8
3,3,0,0,0,0,47.7
4,1,0,0,1,0,67.4
3,2,111,0,0,0,39.9
4,1,0,0,0,0,42.2
1,3,137,0,0,0,41.6
1,3,0,0,0,0,28.7
3,1,184,1,0,0,186.7
1,1,0,0,0,0,114.0
3,2,0,0,0,0,51.3
1,1,0,0,0,0,12.8
3,3,0,0,0,0,94.5
1,3,0,0,0,0,81.1
1,1,0,0,0,0,47.2
1,1,0,0,0,0,179.3
1,2,229,1,0,1,181.7
2,1,0,0,0,0,67.3
3,1,185,0,0,0,77.9
4,2,0,0,0,0,58.2
2,1,0,0,0,0,118.9
3,1,83,0,0,0,33.8
1,1,442,0,0,0,182.0
1,3,0,0,1,0,49.4
3,3,0,0,0,0,69.7
1,1,0,0,0,0,37.3
3,2,0,0,0,0,82.0
1,1,0,0,0,0,115.0
1,1,132,0,0,0,143.3
2,1,0,0,0,0,97.6
1,3,233,0,0,0,78.0
2,3,0,0,0,0,36.0
3,2,196,0,0,0,48.3
1,1,0,0,0,0,37.0
4,3,0,0,0,0,88.4
4,1,0,0,0,0,28.8
2,1,0,0,0,0,165.5
2,1,0,1,0,0,100.3
1,1,0,0,0,0,55.5
2,2,0,1,0,0,169.1
3,1,0,1,0,1,69.7
1,1,0,0,0,0,188.1
2,3,0,0,0,0,85.5
3,1,0,0,1,1,52.7
1,2,0,0,0,0,26.0
1,3,0,0,0,0,39.5
1,2,91,0,1,0,8.9
1,2,0,0,1,0,63.5
4,3,0,1,1,1,129.5
4,1,0,0,1,0,79.6
3,2,0,0,0,0,37.0
4,1,0,0,0,0,12.7
3,3,0,1,0,0,140.1
4,1,0,0,0,0,73.1
1,3,0,1,0,0,116.8
1,2,0,0,0,0,88.2
2,3,0,0,0,0,97.5
1,1,78,0,1,0,70.9
1,2,0,0,0,0,110.2
1,1,0,0,0,0,102.8
1,1,0,0,0,0,150.6
3,1,0,0,0,0,78.33
2,3,0,0,1,1,11.9
2,1,0,0,0,0,20.6
4,1,215,0,0,0,54.1
1,3,0,0,0,0,40.2
2,1,0,0,0,0,80.6
4,1,87,0,0,0,12.8
1,1,157,0,0,0,131.4
1,3,0,0,0,0,98.0
4,1,0,0,0,0,22.8
1,2,0,0,1,0,38.0
3,1,0,1,0,0,179.6
2,1,394,0,0,0,109.8
2,1,227,0,0,0,130.2
3,2,327,1,1,1,90.2
1,1,0,0,0,0,111.3
4,2,0,1,0,0,107.0
2,1,475,0,0,0,187.0
1,3,0,0,0,0,36.9
1,3,158,0,0,0,30.6
3,2,0,0,0,0,103.4
1,2,0,0,0,0,41.1
3,2,0,0,1,0,43.3
2,2,0,0,0,0,33.3
4,2,0,0,0,0,40.8
1,2,0,0,0,0,57.2
4,1,0,1,0,0,99.6
1,2,149,1,1,1,67.7
1,2,98,0,0,0,13.6
3,3,0,0,1,0,96.8
1,2,0,0,0,0,89.9
4,1,0,0,1,0,64.8
4,1,0,0,0,0,18.6
3,2,0,0,0,0,33.3
4,1,0,0,0,0,69.7
3,1,0,0,0,0,30.5
4,2,0,0,0,0,41.8
1,2,87,0,1,0,22.5
2,3,0,0,1,0,57.6
2,1,0,0,0,0,114.6
2,1,152,0,1,0,160.0
1,1,0,0,0,0,126.5
1,1,0,0,0,0,131.0
3,2,0,0,0,0,79.3
4,3,0,0,0,0,39.7
2,2,0,1,0,0,120.1
2,1,94,0,0,0,68.3
1,3,0,0,0,0,7.6
2,1,101,0,0,0,41.3
2,1,184,0,0,0,59.5
4,1,91,0,1,0,21.0
4,2,0,0,0,0,37.0
4,2,0,0,0,0,23.6
3,1,0,0,0,0,47.6
4,2,197,1,0,0,188.7
2,1,0,0,0,0,90.9
4,3,0,1,0,0,159.9
4,2,0,0,0,0,41.8
1,2,0,0,0,0,46.4
3,2,228,0,0,0,49.3
4,1,0,0,0,0,79.1
1,1,0,0,0,0,130.1
4,1,0,0,0,0,43.8
4,1,87,0,0,0,77.8
4,2,0,0,0,0,14.6
4,3,144,0,0,0,36.1
1,3,0,0,1,0,82.7
1,1,0,0,0,0,121.7
2,1,0,0,0,0,95.2
3,2,0,0,0,0,77.33
2,1,0,0,0,0,157.0
2,1,0,0,0,0,117.7
3,2,94,0,0,0,19.6
1,1,91,0,0,0,10.8
1,3,0,0,0,0,43.2
2,2,0,1,0,0,115.2
2,1,109,0,0,0,13.7
3,2,0,0,0,0,29.8
1,1,98,0,0,0,44.8
3,1,0,0,0,0,77.33
4,2,0,0,0,0,24.7
1,1,0,0,1,1,141.5
4,3,297,0,0,0,83.8
2,1,0,0,0,0,21.6
3,1,0,0,0,0,31.5
4,3,0,0,0,0,57.4
4,2,116,0,0,0,78.8
1,3,0,1,0,1,162.2
2,3,0,0,0,0,61.4
2,3,109,0,0,0,11.3
4,1,101,0,0,0,14.2
1,3,0,0,1,1,38.5
4,2,0,0,0,0,42.0
1,1,0,0,0,0,106.0
3,2,99,1,0,0,123.7
1,3,128,0,0,0,39.6
1,3,241,0,0,0,57.6
2,1,0,0,0,0,38.2
4,2,0,0,0,0,35.0
1,2,0,0,0,0,77.4
1,2,0,0,0,0,78.33
2,3,0,0,0,0,30.2
4,3,0,0,0,0,91.1
4,1,204,0,0,0,43.5
2,3,0,0,0,0,39.4
2,3,185,0,0,0,78.4
1,3,0,0,0,0,19.6
1,3,0,0,0,0,40.5
1,1,104,0,0,0,30.7
4,2,0,0,0,0,34.8
3,3,137,0,0,0,38.6
1,3,0,0,0,0,82.2
2,3,0,0,0,0,51.4
4,3,0,0,0,0,81.0
2,1,0,0,0,0,134.1
2,3,108,0,0,0,69.25
1,3,0,0,0,0,112.2
2,2,0,0,1,0,22.0
3,1,0,0,0,0,59.7
4,3,100,0,0,0,13.8
2,3,0,0,0,0,57.8
3,1,236,0,0,0,93.2
3,2,0,0,0,0,81.2
3,3,437,1,0,1,123.7
4,1,0,0,0,0,59.3
2,1,178,0,0,0,88.9
2,3,117,0,0,0,19.2
2,1,428,0,0,0,185.2
1,1,0,0,0,0,71.5
2,3,145,0,0,0,83.6
3,2,333,0,0,0,96.2
3,1,0,0,0,0,49.67
1,2,236,0,0,0,53.7
4,1,117,0,0,0,60.6
1,1,162,0,0,0,125.5
4,2,0,1,0,0,111.3
3,2,0,0,0,0,48.9
4,2,0,0,0,0,51.8
1,1,366,0,0,0,128.1
4,1,0,0,0,0,81.6
4,2,0,0,0,0,98.3
4,1,0,0,1,0,41.8
4,2,234,1,0,1,163.5
2,1,121,0,0,0,77.3
1,1,257,0,0,0,70.9
1,3,90,0,0,0,27.5
3,1,219,0,0,0,78.5
4,2,0,0,0,0,88.1
1,2,0,0,0,0,70.4
2,3,0,0,1,0,13.3
2,2,103,0,0,0,22.5
1,1,337,0,0,0,151.3
3,3,0,0,0,0,37.1
2,2,382,0,1,0,110.0
1,1,397,0,0,0,136.9
2,2,88,0,0,0,27.7
4,3,0,0,0,0,29.9
1,1,0,0,0,0,188.67
3,3,0,0,0,0,48.0
4,3,0,0,0,0,69.0
3,3,0,0,0,0,20.7
2,3,125,0,0,0,34.2
1,1,0,0,0,0,39.6
4,3,141,0,0,0,74.4
4,2,0,0,0,0,70.8
2,3,181,0,0,0,52.0
2,3,123,0,0,0,49.4
2,3,0,0,0,0,37.7
1,1,0,0,0,0,177.0
2,1,0,0,0,0,34.7
1,2,0,1,0,0,192.0
1,1,0,0,0,0,117.6
2,2,0,0,1,1,46.33
3,2,0,0,0,0,44.4
1,1,0,0,0,0,14.8
1,1,120,0,0,0,78.7
4,2,0,0,1,0,61.0
2,3,0,0,0,0,29.8
4,1,380,1,0,0,138.1
3,2,0,0,0,0,31.0
2,1,224,0,0,0,63.9
1,1,0,0,0,0,83.9
1,2,0,0,0,0,20.6
4,2,0,0,0,0,97.3
2,1,0,0,0,0,33.7
1,1,0,0,0,0,178.3
1,1,0,0,0,0,40.67
4,2,0,1,0,0,176.9
4,3,0,0,0,0,41.9
2,2,297,1,0,0,171.0
4,1,0,0,0,0,78.6
2,1,149,0,0,0,54.3
2,1,0,0,0,0,76.8
2,3,215,0,0,0,47.4
1,1,0,0,1,0,90.3
2,3,0,0,0,0,22.8
3,1,200,0,0,0,47.67
2,1,0,0,0,0,83.0
1,2,97,0,0,0,33.5
3,2,0,1,0,0,165.0
4,2,0,0,0,0,27.5
1,3,0,0,0,0,82.2
4,2,0,0,0,0,19.5
1,3,0,0,0,0,13.6
1,1,357,0,0,0,170.4
1,1,158,0,0,0,47.2
1,1,0,0,0,0,71.2
1,1,0,0,0,0,51.6
1,2,0,0,0,0,80.2
2,1,433,0,0,0,168.9
4,1,0,0,0,0,80.1
4,2,0,0,0,0,37.1
3,1,157,0,0,0,83.4
1,1,0,0,0,0,78.9
4,1,0,0,0,0,68.6
3,3,0,0,0,0,42.1
2,1,101,0,0,0,32.7
3,3,149,0,0,0,41.9
4,3,122,0,0,0,38.1
1,3,0,0,0,0,41.2
4,3,117,0,0,0,19.5
3,1,222,0,0,0,62.5
3,1,483,1,0,0,135.6
3,3,0,1,0,0,134.7
3,3,0,0,0,0,82.4
1,3,0,1,0,0,176.1
4,2,86,0,0,0,43.7
2,1,0,0,0,0,106.5
4,3,0,0,0,0,33.9
1,1,0,0,0,0,160.7
2,1,0,0,0,0,103.6
3,2,0,0,0,0,21.8
2,1,178,0,0,0,80.2
4,2,230,0,1,0,103.3
1,3,0,0,0,0,60.2
2,1,83,0,0,0,80.0
4,1,0,0,0,0,72.0
4,1,0,0,0,0,36.3
4,1,0,0,0,0,24.0
1,3,0,0,0,0,19.25
4,2,0,0,0,0,78.2
3,1,0,0,0,0,82.9
1,1,0,0,0,0,32.0
3,3,0,0,0,0,54.1
2,2,0,0,0,0,32.3
4,3,305,1,0,0,189.7
1,3,158,0,0,0,42.7
3,3,0,0,0,0,44.9
1,1,0,0,0,0,137.5
4,1,0,0,0,0,66.6
4,2,0,0,0,0,77.9
1,3,0,0,0,0,80.3
1,2,0,1,0,0,166.8
4,1,154,0,1,0,50.8
1,3,0,0,0,0,73.6
1,2,0,1,0,1,179.9
4,3,0,0,0,0,19.6
2,3,294,1,0,0,97.1
1,3,0,1,0,0,123.1
2,1,0,0,0,0,59.8
4,1,0,0,0,0,41.9
1,3,176,1,0,1,178.6
2,1,127,0,0,0,98.0
3,1,0,0,0,0,11.6
2,3,128,0,1,0,65.7
1,1,212,0,0,0,47.0
2,1,0,0,0,0,81.6
2,1,0,0,0,0,49.5
2,2,0,1,1,1,149.4
1,1,0,0,0,0,37.5
1,1,0,0,0,1,39.7
4,3,164,0,0,0,52.1
2,2,103,0,0,1,31.0
2,3,0,0,0,0,61.7
2,1,287,0,0,0,90.7
1,3,94,0,0,0,37.5
3,3,0,0,0,0,59.5
2,1,119,0,0,0,83.7
4,1,90,0,0,0,20.6
1,3,171,0,0,0,34.4
2,1,0,0,0,0,51.9
1,1,0,0,0,0,120.6
1,1,0,0,0,0,188.67
2,2,117,0,0,0,66.5
2,1,0,0,0,0,53.9
1,1,0,0,0,0,54.8
4,1,0,0,0,0,79.6
1,1,146,0,0,0,122.2
4,2,106,0,1,0,88.1
1,3,0,0,0,0,59.6
3,2,0,0,0,0,38.5
2,3,0,0,0,0,41.4
3,1,162,0,1,0,70.9
4,1,0,0,0,0,24.0
1,2,0,1,1,1,151.0
1,1,0,0,0,0,138.6
2,3,110,0,0,0,21.1
2,1,0,0,0,0,138.2
3,3,0,0,0,0,48.5
1,1,0,0,0,0,107.0
3,1,0,0,0,0,79.5
4,2,201,0,0,0,80.6
4,1,0,0,0,0,49.5
3,1,0,0,0,0,82.5
1,1,0,0,0,0,147.0
2,1,0,0,0,0,157.9
4,1,0,0,0,0,37.3
2,3,0,0,0,0,24.2
1,3,0,0,0,0,31.6
3,2,0,0,0,0,35.5
4,3,0,0,0,0,84.8
1,1,0,0,0,0,47.8
4,3,77,0,0,0,14.4
1,1,174,0,0,0,94.0
2,1,0,0,0,0,119.4
1,3,159,0,0,0,59.3
2,1,277,0,0,0,140.67
2,3,0,0,0,0,28.3
3,2,0,0,0,0,75.33
4,2,0,0,0,0,57.8
2,3,0,0,0,0,75.5
1,1,0,0,0,0,179.0
3,2,83,0,0,0,7.9
1,3,0,0,0,0,21.5
2,3,0,0,0,0,75.2
2,3,268,0,0,0,74.2
1,2,0,0,0,0,64.0
4,3,0,0,0,0,63.8
4,1,237,1,0,0,156.2
1,3,102,0,0,0,42.0
1,3,0,0,0,0,30.9
2,1,76,0,1,0,179.0
1,1,0,0,0,0,7.9
1,1,0,0,1,0,61.4
2,3,0,0,1,0,37.7
4,2,155,0,0,0,96.8
2,2,0,1,0,0,136.5
1,1,0,0,0,0,157.5
2,1,174,0,0,0,38.7
4,2,0,0,0,0,97.3
4,2,0,0,0,0,17.7
2,1,0,0,0,0,37.7
1,1,0,0,0,0,133.0
2,1,0,0,0,0,81.2
1,2,0,0,0,0,60.0
3,3,147,1,0,0,172.6
1,3,0,0,0,0,17.5
1,3,0,0,0,0,72.2
1,1,0,0,0,0,117.7
1,2,0,1,0,1,86.7
2,1,0,0,0,0,72.9
2,2,0,0,1,0,34.7
1,1,0,0,0,0,111.0
4,2,0,0,0,0,49.8
2,2,0,1,0,0,186.6
1,3,93,0,0,0,17.7
2,1,0,0,0,0,25.0
4,3,0,0,0,0,48.1
4,3,0,0,0,0,74.3
2,3,0,0,1,0,87.5
2,2,0,0,0,0,31.0
3,3,0,0,0,0,62.8
3,1,0,0,0,0,42.3
2,1,354,0,0,0,181.6
2,1,0,0,0,0,173.6
4,3,0,0,0,0,26.5
4,2,0,0,0,0,46.8
4,1,0,0,0,0,43.2
4,3,221,1,0,0,61.0
3,3,90,0,0,0,21.9
1,1,119,0,0,0,112.6
2,1,102,0,0,0,168.3
4,3,256,0,0,0,98.7
1,3,0,0,0,0,103.0
4,3,0,1,0,1,154.9
1,1,0,0,0,0,55.6
4,2,0,0,0,0,77.8
1,3,195,0,0,0,43.2
1,1,164,0,1,0,129.4
4,3,153,0,1,0,56.0
1,1,0,0,0,0,19.8
4,3,0,0,0,0,23.5
1,1,0,0,0,0,54.7
1,1,0,0,0,0,153.7
1,1,0,0,0,0,28.7
4,1,0,0,0,0,38.6
4,3,188,0,0,0,71.0
4,1,0,0,0,0,39.7
4,3,157,0,0,0,33.9
3,3,119,0,0,0,20.1
4,1,0,0,1,1,10.7
2,1,0,0,0,0,147.1
4,3,0,0,0,0,18.6
2,2,0,0,0,0,98.6
1,1,116,0,0,0,23.0
2,1,0,0,1,0,128.3
1,1,0,0,0,0,101.0
1,2,194,0,0,0,50.8
4,2,113,0,1,0,20.1
3,1,198,0,0,0,43.6
1,1,0,0,0,0,37.0
2,1,238,0,0,0,189.2
1,1,0,0,0,0,190.7
3,1,0,0,0,0,82.3
3,2,0,0,1,0,33.0
4,2,104,0,0,0,47.3
4,3,244,0,0,0,56.0
4,1,0,0,0,0,39.2
3,1,285,0,0,0,69.7
4,2,115,1,0,0,99.0
3,1,0,0,0,0,29.7
1,2,128,0,0,0,71.5
1,1,0,0,0,0,89.0
4,3,121,0,1,0,18.3
4,2,0,0,0,0,61.8
3,3,0,0,0,0,102.8
1,2,128,0,0,0,39.2
2,3,0,0,0,0,92.0
2,2,226,0,0,0,71.3
3,2,141,0,0,0,42.1
4,1,0,1,0,0,110.5
4,1,0,0,0,0,70.6
4,2,0,0,1,0,61.8
1,3,184,0,0,1,68.2
3,1,0,0,0,0,40.5
1,1,0,0,0,0,85.3
2,1,0,0,0,0,97.6
1,1,227,1,0,0,62.0
2,2,104,0,1,0,11.7
4,1,0,1,0,0,119.0
2,3,0,0,0,0,12.0
2,1,0,0,0,0,23.8
4,1,318,1,0,1,165.75
4,2,342,1,0,1,181.7
4,3,125,0,0,0,24.4
2,1,0,0,0,0,128.3
2,3,0,0,0,0,47.7
2,1,0,0,1,0,20.6
3,2,0,0,0,0,53.9
1,2,0,1,0,0,123.8
4,1,188,0,0,0,55.4
2,1,0,0,0,0,69.2
1,3,0,1,0,1,185.0
3,2,0,0,0,0,81.2
1,1,0,0,1,0,90.2
3,3,110,0,1,0,37.0
4,3,164,0,1,0,53.1
3,3,0,0,1,0,10.9
2,1,0,0,1,0,84.6
1,1,266,0,0,0,119.1
2,1,0,0,0,0,123.0
1,1,0,0,0,0,175.7
4,2,0,0,0,0,72.6
1,3,86,1,0,0,131.0
2,3,0,1,0,0,107.4
3,1,0,0,0,0,82.2
4,1,87,0,0,0,31.3
4,3,0,0,0,0,20.3
2,1,98,0,0,0,34.7
1,3,0,0,1,1,104.2
1,2,0,0,0,0,102.2
2,3,0,0,0,0,72.7
1,1,104,0,0,0,32.3
4,2,0,0,1,0,50.3
1,2,0,0,1,1,86.4
1,3,0,0,0,0,60.5
4,2,0,1,1,1,80.9
4,1,0,0,0,0,41.9
3,1,0,0,0,0,28.0
1,3,0,0,0,0,28.7
2,2,0,0,0,0,21.7
4,1,114,0,0,0,50.8
2,2,0,0,0,0,23.7
1,1,455,0,0,0,151.7
2,2,0,0,1,0,30.7
2,2,0,0,0,0,20.3
2,1,0,0,0,0,173.3
3,2,0,0,0,0,81.3
4,1,245,0,1,0,89.2
4,3,0,1,0,0,146.6
2,2,0,0,0,0,97.2
1,2,0,1,1,1,150.4
2,2,0,1,0,0,89.9
1,2,0,0,0,0,53.0
3,2,104,0,0,1,16.7
1,1,0,0,0,0,67.1
4,3,0,0,0,0,98.3
3,3,0,1,0,0,186.7
1,1,0,0,0,0,125.0
2,3,0,0,1,0,68.0
1,1,95,0,0,0,53.0
4,3,0,1,0,0,148.4
3,1,0,0,0,0,82.5
2,3,0,0,0,0,13.0
4,1,131,0,0,0,32.6
4,2,90,0,1,0,88.0
1,1,0,0,0,0,90.6
4,3,0,0,0,0,66.2
2,2,0,0,0,0,83.3
1,2,0,0,0,0,72.2
4,2,106,0,0,0,80.8
2,3,0,1,0,0,151.7
4,3,0,1,0,0,176.0
2,3,123,0,0,0,23.1
2,1,0,0,0,0,100.0
3,1,0,0,0,0,50.2
2,1,0,0,0,0,171.7
3,1,0,0,0,0,27.0
4,1,0,0,0,0,13.2
1,3,106,1,0,1,135.0
3,1,0,0,0,0,33.1
1,3,0,0,0,0,62.5
4,2,0,0,0,0,83.9
3,2,0,0,1,0,41.5
1,1,0,0,0,0,61.4
3,3,341,0,0,0,98.8
2,2,0,1,0,0,185.8
1,1,91,0,0,0,21.0
1,2,0,0,1,0,19.2
2,2,0,0,0,0,19.6
4,2,101,0,0,0,24.6
4,3,0,0,0,0,18.9
3,1,0,1,0,1,172.8
2,1,0,0,0,0,78.5
2,2,421,1,0,0,138.2
2,1,0,0,1,0,115.1
4,3,104,0,0,0,71.4
1,2,131,0,0,0,40.5
2,1,0,0,0,0,71.9
4,1,0,1,1,1,108.8
2,3,0,0,0,0,43.0
2,1,0,0,0,0,136.67
2,1,103,0,0,0,14.0
2,3,0,0,0,0,32.6
2,1,249,0,0,0,81.0
4,1,155,0,0,0,88.2
4,1,0,0,1,0,36.8
3,3,0,0,0,0,81.0
2,1,359,0,0,0,106.0
3,2,0,0,0,0,19.7
1,1,0,0,0,0,100.1
1,3,0,0,0,0,46.4
3,1,0,0,0,0,30.6
1,1,0,0,0,0,42.8
4,2,118,0,0,0,34.6
1,1,0,0,0,0,178.0
2,1,132,0,0,0,132.4
3,2,0,0,0,0,31.3
1,1,0,0,0,0,147.3
4,3,0,0,0,0,14.4
3,2,0,0,0,0,68.67
4,2,0,0,0,0,106.2
2,1,0,0,0,0,121.5
3,3,0,0,0,0,39.9
2,1,0,0,0,0,191.33
4,2,0,0,1,0,77.6
1,3,0,0,0,0,83.9
3,2,0,0,0,0,30.6
4,3,0,0,0,0,11.4
2,1,0,0,0,0,86.4
2,2,131,0,0,0,28.7
1,1,158,0,0,0,194.67
1,3,0,0,0,0,18.6
1,1,0,0,0,0,14.0
2,1,107,0,0,0,154.6
3,2,0,0,0,0,24.8
2,1,565,0,0,0,193.5
1,2,233,0,0,0,98.3
4,2,0,0,0,0,18.6
2,1,0,0,0,0,181.5
1,1,0,0,0,0,7.7
2,3,152,0,0,0,56.7
4,1,0,0,1,1,69.4
1,3,0,0,0,0,53.5
3,2,0,0,0,0,23.33
1,1,0,0,0,0,17.7
2,3,150,0,0,0,68.7
2,2,0,0,0,0,52.5
1,3,0,0,0,0,27.7
4,3,0,0,0,0,24.6
2,3,0,0,0,0,50.4
3,1,0,1,0,0,122.6
2,2,319,0,0,0,86.2
2,1,0,0,0,0,122.8
4,3,182,0,0,0,76.9
3,2,0,0,0,0,30.6
2,1,394,0,0,0,128.3
1,2,230,0,1,0,69.8
3,3,82,0,0,0,37.1
1,1,0,0,1,1,80.5
1,1,0,0,1,1,56.6
1,1,0,0,0,0,116.3
2,3,137,0,0,0,41.3
4,1,109,0,0,0,30.2
4,1,135,0,0,0,28.2
2,2,0,0,1,0,38.9
3,3,0,0,0,0,24.7
4,2,89,0,0,0,20.6
3,2,151,0,0,0,78.3
2,3,221,0,0,0,49.9
4,2,229,0,0,0,59.3
2,1,0,0,0,0,24.8
1,3,0,1,0,0,147.6
2,1,0,0,0,0,24.6
4,1,0,0,0,0,75.1
4,2,0,0,0,0,53.3
2,3,0,0,0,0,23.0
1,1,0,0,0,0,58.8
2,1,0,0,0,0,53.3
4,1,0,0,0,0,43.2
4,2,0,0,0,0,33.0
2,2,121,0,0,0,43.0
4,3,89,0,0,0,53.33
1,1,0,0,0,0,129.0
3,2,0,0,0,0,43.4
2,1,154,0,0,0,141.8
2,3,0,0,1,0,21.8
3,2,0,0,0,0,71.67
4,1,84,1,0,0,122.7
4,1,0,0,0,0,59.8
1,1,94,0,0,0,8.9
2,3,0,0,0,0,8.3
2,2,119,0,0,0,14.7
4,1,0,0,0,0,27.2
3,3,0,0,0,0,82.5
1,3,117,0,0,0,72.2
4,2,151,0,0,0,40.9
2,2,114,0,0,0,33.3
3,2,0,0,0,0,31.0
1,1,0,0,0,0,65.2
1,1,267,0,0,0,79.1
2,2,0,0,0,0,18.3
2,1,181,0,0,0,57.2
1,1,601,0,0,0,190.3
3,1,0,1,1,1,117.0
2,1,0,0,0,0,185.5
1,2,0,0,0,0,32.5
4,1,0,0,1,1,43.8
4,3,0,0,0,0,22.8
4,1,567,1,0,1,170.3
1,3,0,0,1,0,42.7
1,1,0,0,0,1,139.0
1,1,0,0,0,1,112.3
3,3,0,1,0,0,112.2
3,3,0,1,0,0,94.1
1,1,0,0,0,0,67.1
2,3,0,0,0,0,39.9
1,1,0,0,0,0,134.4
3,1,0,1,0,0,182.3
4,2,100,0,0,0,27.6
3,1,181,0,1,1,43.5
1,2,0,0,0,0,75.4
2,1,0,0,0,0,119.7
1,1,0,0,0,0,57.4
4,1,0,0,1,0,61.33
2,1,114,0,0,0,15.0
1,1,0,0,0,0,9.9
2,3,0,0,0,0,60.6
4,1,0,0,0,0,48.5
4,3,0,0,1,0,76.9
1,1,0,0,0,0,34.8
4,3,0,0,0,0,10.5
1,1,0,0,0,0,123.3
3,3,0,0,0,0,54.1
3,2,0,0,0,0,78.3
2,1,0,0,1,1,17.6
2,2,0,0,1,0,89.3
4,3,0,0,0,0,8.8
2,3,0,0,0,0,59.8
1,1,231,0,0,0,57.4
1,1,148,0,0,0,24.9
4,1,0,0,1,0,52.7
1,2,86,1,1,1,106.9
1,1,0,0,0,0,125.0
4,2,0,1,0,0,185.7
1,3,0,1,1,0,155.2
1,1,171,0,0,0,34.8
2,1,352,0,0,0,110.3
2,2,0,0,0,0,24.7
3,3,0,0,0,0,43.0
2,1,221,0,0,0,111.2
4,2,115,0,0,0,29.6
4,2,0,0,1,0,75.2
1,3,0,1,0,0,177.2
2,2,118,0,0,0,22.7
2,1,284,0,0,0,169.6
4,3,0,0,0,0,72.1
3,1,180,0,0,0,102.0
1,1,0,0,0,0,95.0
4,3,0,0,0,0,41.7
4,3,88,0,0,0,22.6
1,2,199,0,0,0,90.9
1,2,256,0,0,0,90.3
1,1,0,0,0,0,148.0
3,3,0,0,0,0,20.9
2,3,0,0,0,0,62.8
1,2,0,0,0,0,14.9
3,3,159,0,0,0,49.4
3,1,0,0,1,1,28.7
1,2,0,0,0,0,40.4
4,1,97,0,0,0,19.7
4,2,0,0,0,0,57.8
4,3,167,0,0,0,52.2
4,1,97,0,0,0,57.4
3,2,0,0,0,0,40.0
3,2,0,0,0,0,29.3
2,2,0,0,0,0,20.0
1,2,0,0,0,0,104.2
3,1,240,0,0,0,62.2
2,1,80,0,0,0,19.6
3,1,142,1,0,0,174.1
1,1,0,0,1,1,158.1
1,3,0,0,0,0,78.3
1,2,112,0,0,0,41.8
2,1,0,0,0,0,58.2
4,3,0,0,1,0,88.2
1,2,334,0,0,0,87.4
2,1,0,0,0,0,20.6
1,1,0,0,0,0,112.6
2,2,0,0,0,0,42.0
1,3,0,1,0,0,105.9
4,2,268,0,0,0,97.2
3,1,0,0,0,0,96.9
3,2,80,0,0,0,68.3
3,2,218,0,0,0,81.1
3,1,389,0,1,0,109.5
1,1,0,0,0,0,120.1
1,2,0,0,0,0,75.33
3,1,159,0,1,0,58.2
3,2,0,0,0,0,76.3
4,3,89,0,0,0,47.1
3,2,0,0,0,0,79.33
3,1,342,1,0,1,124.4
1,1,0,0,0,0,182.1
1,1,0,0,0,0,155.6
4,3,104,0,0,1,17.9
4,2,0,0,0,0,113.3
2,2,0,0,0,1,79.0
1,3,0,0,0,0,90.2
4,1,372,1,1,1,110.7
1,1,0,0,0,0,175.9
4,2,0,0,0,0,47.8
3,1,0,0,0,0,53.3
1,3,101,0,1,0,12.6
4,1,0,0,0,0,28.9
4,1,0,0,0,0,69.4
1,2,0,0,1,0,80.4
1,3,0,0,0,0,97.9
4,1,0,0,0,0,42.9
1,1,0,0,0,0,33.8
4,2,0,0,0,0,9.6
2,1,0,0,1,0,194.33
3,3,107,0,0,0,83.8
3,3,0,0,0,0,48.6
2,1,0,0,0,0,91.0
2,1,241,0,0,0,110.0
2,1,275,0,0,0,97.6
1,1,0,0,0,0,114.7
4,2,112,0,0,0,21.5
3,2,0,0,0,0,99.3
2,3,112,0,0,0,79.2
3,2,0,0,0,0,51.5
3,2,0,1,1,1,186.2
4,1,198,1,0,0,133.1
1,2,186,0,0,0,52.4
3,1,0,0,1,0,66.9
3,3,0,0,0,0,62.4
4,3,142,0,0,0,51.33
2,3,246,1,0,1,112.0
2,2,120,0,0,0,17.6
2,3,0,0,0,0,30.6
1,3,245,0,0,0,62.2
1,3,0,0,0,0,23.6
1,1,0,0,0,0,21.8
1,3,0,0,0,0,76.2
1,1,218,0,0,0,80.7
1,2,0,0,0,0,38.6
3,1,0,0,0,0,59.7
1,3,0,0,0,0,33.8
1,3,0,0,0,0,29.4
3,2,0,0,0,0,50.0
2,1,0,0,0,0,138.0
3,1,185,0,0,0,70.6
4,2,0,0,0,0,38.8
1,3,0,0,0,0,68.2
1,3,0,1,0,1,186.2
3,2,0,0,0,0,79.0
1,3,589,1,1,1,177.7
1,3,0,0,0,0,36.1
2,1,0,0,0,0,22.8
1,3,0,0,0,0,53.2
2,1,0,0,0,0,54.8
2,2,0,0,0,0,28.5
4,1,0,0,0,0,36.4
3,2,83,0,0,1,37.1
3,1,151,0,1,0,28.5
4,3,0,0,0,0,56.0
1,3,231,0,0,0,60.2
4,1,86,0,0,0,59.6
1,3,0,0,0,0,17.8
1,2,0,0,0,0,36.5
4,3,0,0,0,0,82.0
1,2,0,0,0,0,75.4
4,1,83,0,0,0,21.8
4,3,277,0,0,0,79.0
3,2,0,0,0,0,31.5
4,1,184,0,0,0,88.2
2,1,0,0,0,0,117.7
1,1,0,0,0,0,40.5
1,1,0,0,0,0,129.0
4,2,0,0,0,0,30.0
1,1,0,0,0,0,109.1
1,1,0,0,0,0,148.67
2,1,0,0,0,0,48.9
1,2,111,0,0,0,32.5
3,3,0,0,0,0,93.5
2,2,0,0,0,0,111.6
3,3,108,0,0,0,88.5
1,3,0,0,0,0,47.6
1,1,0,0,0,0,113.0
1,1,397,0,0,0,146.5
4,2,203,0,0,0,70.9
4,3,0,0,0,0,111.9
2,1,78,0,0,0,11.0
4,3,242,0,0,0,62.8
2,1,0,0,0,0,112.8
2,1,0,0,0,0,78.2
3,3,0,0,0,0,53.5
2,3,0,0,1,0,30.6
1,1,0,0,0,0,10.0
1,1,0,0,0,0,138.6
3,2,0,0,0,0,81.0
3,2,110,0,0,0,17.9
2,1,0,0,0,0,19.7
4,2,175,0,0,0,53.3
4,2,79,0,0,0,30.6
2,1,0,0,0,0,113.6
3,2,0,0,1,1,50.0
1,1,120,0,0,0,17.7
1,3,0,0,1,0,53.2
1,3,76,0,0,0,28.8
3,1,0,0,0,0,29.5
2,1,0,0,0,0,37.2
2,1,0,0,0,0,118.9
1,1,0,0,0,0,177.0
1,2,0,0,0,0,38.6
1,3,0,0,0,0,36.6
1,3,0,0,0,0,59.2
3,3,0,1,0,0,99.0
2,2,0,0,0,0,77.6
1,2,0,0,0,0,21.9
2,2,0,1,0,0,124.75
3,1,359,1,0,0,137.8
1,1,0,0,0,0,119.3
1,3,143,0,0,0,42.1
2,2,0,1,0,1,163.5
4,2,0,0,0,1,74.9
3,2,0,0,0,0,76.0
1,3,125,0,0,0,29.9
1,1,323,0,0,0,97.1
2,1,0,0,0,0,39.5
4,2,0,0,0,0,39.0
1,1,0,0,0,0,49.6
3,3,113,0,0,0,51.2
3,3,167,1,0,1,163.33
1,1,0,0,0,0,140.2
4,1,218,0,0,0,92.2
3,2,0,0,1,0,13.0
2,1,0,0,0,0,157.9
1,1,0,0,1,1,43.8
3,1,0,0,1,0,32.8
4,3,0,1,0,0,98.2
4,3,236,0,0,0,69.2
1,1,151,0,0,0,54.8
4,1,0,1,0,0,112.8
3,2,185,0,1,0,77.0
2,2,0,0,0,0,79.3
2,1,380,0,0,0,179.0
2,3,0,0,0,0,9.0
4,2,0,0,0,0,59.0
2,1,207,0,1,1,107.1
3,1,0,0,0,0,79.5
3,1,0,0,1,0,31.8
1,1,0,0,0,0,82.7
4,2,329,0,0,0,89.1
4,1,0,0,0,0,28.0
3,2,0,0,0,0,18.33
2,2,0,0,0,0,51.0
1,1,0,0,0,0,142.7
2,3,0,0,0,0,31.6
3,3,0,0,0,0,90.5
3,2,535,1,0,0,171.5
1,1,0,0,0,0,120.7
2,3,0,0,0,0,24.8
1,1,0,0,0,0,101.7
4,2,107,0,0,0,43.1
3,2,0,1,0,1,153.0
3,2,0,1,0,0,130.0
1,2,0,0,0,0,41.2
4,2,0,0,0,0,92.9
2,3,98,0,0,0,28.2
4,1,0,0,0,0,37.8
1,1,170,0,0,0,119.2
2,1,161,0,1,1,83.0
2,1,0,0,0,0,87.1
1,3,0,0,0,0,23.6
3,1,83,0,0,0,18.7
2,1,0,0,0,0,121.1
1,3,0,0,0,0,17.4
2,1,222,0,0,0,166.3
4,3,0,0,0,0,33.9
4,2,111,1,0,0,154.1
3,1,219,0,0,1,52.5
2,3,0,0,0,0,31.6
4,3,0,0,0,0,63.2
3,1,0,0,0,0,81.5
2,2,0,0,0,0,28.6
1,1,0,0,0,0,177.1
2,3,0,0,0,0,12.7
4,1,0,0,0,0,34.2
3,1,0,0,0,0,94.5
1,1,0,0,0,0,83.0
4,1,137,0,0,0,38.8
1,3,154,0,0,0,53.3
1,3,293,0,0,0,79.7
4,3,0,0,0,0,51.0
1,1,398,0,0,0,111.7
4,3,0,1,0,0,152.0
2,2,0,0,0,0,20.0
1,3,0,0,0,0,39.0
4,2,0,0,0,0,68.9
1,2,0,0,0,0,43.7
4,2,0,0,0,0,53.0
1,3,0,0,0,0,37.8
4,2,101,0,1,0,43.0
3,2,117,0,0,0,44.4
1,2,0,0,0,0,83.2
2,2,343,1,0,0,181.1
3,3,151,0,1,0,27.0
1,2,0,0,0,0,92.3
1,1,307,0,0,0,76.1
1,2,0,0,1,0,39.0
4,3,84,0,0,0,18.6
4,3,0,0,0,0,71.4
3,1,208,0,0,0,61.5
4,3,0,1,0,0,170.8
2,3,93,0,0,0,51.7
3,2,113,0,0,0,13.9
1,1,272,0,0,0,90.2
2,1,0,0,0,0,9.6
1,1,84,0,0,0,144.2
1,3,0,1,0,0,193.0
2,3,0,0,0,0,79.4
2,1,0,0,0,0,146.5
4,3,0,0,0,0,57.8
4,3,0,0,0,0,47.2
1,1,0,0,0,0,129.1
4,3,229,0,0,0,84.8
3,1,0,0,1,0,82.33
1,3,0,1,0,0,171.5
3,1,0,0,0,0,101.5
1,1,0,0,0,0,38.4
1,1,120,0,0,0,101.1
2,1,0,0,0,0,24.0
2,3,0,0,0,0,67.3
3,1,0,0,0,0,28.6
3,2,0,0,0,0,67.33
3,3,0,0,0,0,14.1
2,1,0,0,0,0,123.7
3,3,0,0,0,0,49.5
1,3,0,0,0,0,43.7
4,2,180,0,0,0,35.8
3,1,119,0,0,0,63.2
1,2,0,0,0,0,8.9
3,1,89,0,0,0,43.1
4,1,101,0,0,0,92.2
4,1,141,0,0,0,82.6
2,1,0,0,0,0,179.0
1,3,0,0,0,0,38.9
4,3,232,0,0,0,57.3
3,1,0,0,0,0,71.33
1,1,0,0,0,0,14.8
2,1,0,0,0,0,10.0
1,2,176,0,0,0,39.0
1,2,120,0,0,0,66.5
1,3,0,0,1,0,27.25
1,3,0,1,0,0,113.8
4,2,247,0,0,0,82.9
2,2,166,0,1,0,38.9
1,3,0,0,0,0,112.9
1,3,0,0,1,0,88.2
4,1,0,0,0,0,36.4
4,1,0,0,0,0,60.5
3,1,109,0,0,0,63.3
3,2,0,1,1,1,162.33
3,1,0,0,0,0,38.3
1,3,80,0,0,0,29.0
4,1,0,0,0,0,19.0
2,3,0,0,0,0,54.8
1,1,193,0,0,0,142.7
1,1,0,0,1,0,53.2
2,2,105,0,0,0,18.7
3,3,128,0,0,0,29.9
1,1,0,0,0,0,117.8
1,2,0,0,0,0,42.6
1,1,0,0,0,0,151.1
2,1,0,0,0,0,90.3
4,1,78,0,1,0,70.8
4,1,0,1,0,0,79.9
1,3,255,1,0,0,94.2
3,2,0,0,0,0,52.8
4,2,95,0,0,0,37.1
3,2,155,0,0,0,73.1
4,3,0,0,0,0,67.2
2,1,184,0,1,0,101.5
4,3,154,0,0,0,37.0
3,3,0,0,0,0,24.1
1,1,0,0,0,0,160.7
4,3,0,0,0,0,61.4
2,2,0,0,0,0,29.3
3,3,0,0,1,0,51.5
1,3,0,0,0,0,40.5
2,2,219,0,0,0,77.2
1,1,164,0,0,0,32.3
2,1,0,0,0,0,119.9
2,1,0,0,0,0,156.7
3,2,0,0,0,0,48.67
1,1,0,0,0,0,104.0
2,2,0,1,0,1,155.7
1,2,0,0,0,0,66.5
2,3,0,0,0,0,40.4
1,3,105,0,0,0,31.25
2,3,0,0,0,0,20.6
2,3,0,0,0,0,27.0
2,3,0,1,0,0,179.6
1,3,0,0,0,0,67.4
2,1,0,0,0,0,91.8
2,3,0,0,0,0,39.0
4,3,86,0,0,0,8.5
1,1,0,0,0,0,127.4
2,1,294,0,1,0,109.8
2,1,0,0,0,0,163.0
4,1,95,0,0,0,12.0
2,3,102,0,0,0,24.9
1,2,0,1,0,0,121.4
4,1,83,0,0,0,32.8
4,2,0,1,0,0,184.25
1,3,0,0,0,0,33.7
1,2,0,0,0,0,58.0
1,2,98,0,0,0,49.7
2,1,0,0,0,0,27.7
2,1,0,0,0,0,110.6
4,3,0,0,0,0,41.1
1,1,311,0,0,0,129.4
2,1,76,0,0,0,19.6
2,1,0,0,0,0,98.2
4,2,207,0,0,0,45.8
1,3,158,1,0,0,177.2
2,3,185,0,1,0,92.0
3,1,0,0,0,0,32.1
2,2,0,0,0,0,49.1
2,2,94,0,0,0,29.6
1,1,0,0,0,0,80.3
1,1,0,0,0,0,44.2
1,3,146,0,0,0,88.2
3,2,0,1,0,0,189.0
1,1,0,0,0,0,85.2
4,2,446,1,0,1,158.7
2,2,0,0,0,0,8.7
4,3,223,0,0,0,56.0
1,3,0,0,0,0,79.2
2,3,0,0,0,0,71.3
1,1,0,0,0,0,40.7
3,2,0,0,1,0,72.0
2,3,0,0,0,0,27.6
4,3,115,0,0,0,24.6
1,1,0,0,0,0,92.6
4,2,0,0,0,0,57.3
4,3,0,0,0,0,41.1
4,2,149,0,0,0,70.6
1,3,0,1,0,1,180.0
1,1,146,0,1,0,128.3
2,1,262,0,0,0,139.5
1,3,0,0,0,0,37.2
4,2,0,0,0,0,34.6
2,1,0,0,0,0,134.1
1,2,0,0,0,0,22.5
1,1,0,0,0,0,134.0
1,3,0,0,0,0,33.6
4,1,0,0,1,0,39.5
4,3,167,0,1,0,80.8
4,1,94,0,0,0,13.6
1,1,172,0,1,0,43.2
3,2,150,0,0,0,77.3
1,2,120,0,0,0,52.2
2,2,0,0,0,0,32.3
3,2,266,1,0,0,186.9
1,3,103,0,0,0,57.5
1,2,97,0,0,0,7.2
3,2,150,0,0,0,37.0
1,1,0,0,0,0,149.0
4,2,0,0,0,0,51.8
3,1,0,0,0,0,39.6
2,1,75,0,0,0,24.7
2,1,109,0,0,0,51.3
1,1,0,0,0,0,78.9
4,2,76,0,0,1,12.1
2,1,0,0,0,0,128.6
2,2,0,0,0,0,92.3
3,1,0,0,0,0,81.2
2,2,92,0,0,0,14.7
4,2,0,1,0,0,145.0
2,2,0,1,0,0,130.3
3,1,0,0,0,0,26.5
4,2,0,0,0,0,8.3
4,2,0,0,0,0,86.6
1,1,0,0,0,0,138.9
2,3,0,1,0,0,166.7
1,2,0,1,1,0,102.0
3,3,0,0,0,0,59.9
4,1,0,0,0,0,48.4
3,1,0,0,0,0,96.6
3,1,0,0,0,0,89.2
4,3,0,0,0,0,80.9
2,3,0,0,0,0,21.0
1,1,0,0,0,0,111.6
4,1,0,1,0,0,167.6
2,2,0,0,0,0,31.0
2,1,0,0,0,0,199.5
4,1,0,0,0,1,33.4
2,3,132,0,0,0,28.0
3,2,0,0,0,0,29.7
2,1,0,0,0,0,87.3
4,3,0,0,0,0,76.4
4,1,0,0,0,0,21.4
1,3,0,1,0,0,111.6
1,3,128,0,0,0,41.5
1,3,90,0,0,0,28.8
3,2,0,0,0,0,69.4
1,3,95,0,0,0,66.2
4,3,0,0,0,0,77.3
1,1,323,0,0,0,87.3
2,2,0,1,0,0,167.9
2,2,0,0,0,0,13.9
2,1,0,0,0,0,127.1
3,3,87,0,0,0,38.0
2,1,0,0,0,0,81.8
3,2,0,0,0,0,30.6
4,2,0,0,0,0,8.5
3,3,91,0,0,0,14.9
3,1,0,0,0,0,67.8
4,3,0,0,0,0,83.3
1,1,0,0,0,0,148.0
2,3,0,0,0,0,88.2
3,1,0,1,0,0,165.3
2,1,0,0,0,1,178.3
2,1,0,0,0,0,79.8
3,1,0,0,0,0,58.3
2,2,0,0,0,0,55.6
1,1,81,0,0,0,27.67
2,1,0,0,0,0,31.7
4,2,0,0,0,0,111.6
2,2,0,0,0,0,80.6
3,2,0,0,0,0,53.7
4,3,0,0,1,0,110.2
2,2,0,1,0,0,180.6
2,1,0,0,0,0,105.2
3,3,319,1,1,1,123.1
1,2,112,0,0,0,22.2
2,1,422,0,0,0,195.0
4,3,0,0,0,0,82.0
3,3,0,0,0,0,38.5
1,1,0,0,0,0,127.7
2,2,315,0,0,0,111.0
1,3,114,0,0,0,34.25
1,3,0,0,0,0,84.9
4,1,0,0,0,0,70.1
1,3,0,0,1,0,69.2
3,1,192,1,0,0,125.6
1,1,0,0,0,0,37.5
4,2,242,0,0,0,70.2
4,3,0,0,0,0,65.7
1,3,0,0,0,0,33.6
3,1,0,0,1,1,60.3
4,1,0,0,0,0,67.1
1,2,0,0,0,0,55.4
2,3,217,0,0,0,94.5
1,2,0,1,0,0,191.0
2,1,0,0,0,0,122.5
3,2,0,0,0,0,70.0
1,1,0,0,0,0,42.8
1,3,289,0,0,0,89.5
3,1,310,0,0,0,91.5
1,1,168,0,0,0,54.2
3,1,102,0,0,0,19.5
1,1,299,1,0,1,84.9
2,2,239,0,0,0,57.5
3,3,87,0,0,0,7.9
4,1,0,0,0,0,80.1
1,1,76,0,1,1,89.7
2,1,0,0,0,0,21.6
2,3,0,0,0,0,70.8
3,2,0,0,0,0,56.33
4,2,0,0,0,0,11.4
1,2,0,0,0,0,7.6
3,3,0,0,0,0,72.4
4,2,0,1,0,1,180.6
4,2,0,0,0,0,34.0
2,3,0,0,1,0,62.2
2,2,0,1,0,1,117.4
2,3,0,0,0,0,83.4
3,3,0,1,1,1,108.5
1,3,0,0,0,0,30.4
2,2,90,0,0,0,58.6
2,1,0,0,0,0,86.4
2,2,0,0,0,0,21.7
4,2,0,0,1,0,60.8
4,1,0,0,0,0,79.8
3,1,0,0,0,0,75.9
4,1,93,0,0,0,44.9
4,3,0,0,0,0,48.9
2,3,0,0,0,0,109.5
3,1,153,0,0,0,42.2
2,2,0,1,0,0,179.2
2,2,112,0,1,0,40.0
4,3,0,0,1,1,67.7
3,1,0,0,0,0,22.8
2,1,0,0,0,0,153.33
1,2,251,0,1,1,60.2
2,1,182,0,0,0,103.9
2,3,0,0,0,0,49.4
1,2,0,0,0,0,46.6
4,2,428,1,0,0,177.5
2,1,0,0,0,0,50.9
2,1,0,0,0,0,50.2
4,2,0,1,0,0,121.5
3,1,0,0,0,0,70.4
4,3,0,0,0,0,49.2
3,1,0,0,1,0,22.5
1,3,0,0,0,0,39.1
3,1,108,0,0,0,39.0
1,2,0,1,0,0,133.33
2,1,0,0,0,0,134.7
4,1,0,0,0,0,13.2
2,1,505,0,0,0,137.0
3,2,0,0,0,0,24.0
1,1,142,0,0,0,41.3
1,2,309,0,0,0,92.8
2,1,217,0,1,0,89.7
2,3,154,0,1,0,40.0
2,3,106,1,0,1,162.9
2,3,0,0,0,0,60.8
3,2,95,0,0,0,22.33
4,1,0,1,0,0,139.5
1,3,0,0,0,0,73.5
4,2,78,0,1,0,12.1
1,3,81,0,0,0,9.5
1,2,0,0,0,0,99.2
3,1,203,0,0,0,83.9
3,1,219,0,0,0,70.33
2,1,0,0,0,0,123.3
3,2,0,0,0,0,62.3
4,1,148,0,0,0,57.3
2,3,0,0,0,0,30.0
1,1,0,0,0,0,130.0
4,1,106,0,0,0,10.8
1,3,80,0,0,0,31.7
2,3,0,0,0,0,51.4
1,1,0,0,0,0,27.3
2,3,0,0,0,0,43.0
1,1,118,0,0,0,39.2
3,2,0,0,0,0,39.4
2,1,400,0,0,0,162.5
1,3,0,0,0,0,80.7
4,2,0,0,0,0,87.6
4,2,0,0,0,0,76.4
3,3,197,0,0,0,54.1
4,2,0,0,0,0,33.6
4,2,301,1,0,0,104.33
4,2,0,0,0,0,55.8
4,1,0,0,0,0,70.4
4,1,0,0,0,0,51.9
4,2,0,0,0,0,44.1
1,2,0,1,1,1,120.7
1,1,267,0,0,0,87.8
4,2,0,0,0,0,99.8
3,1,0,0,0,0,37.5
4,2,0,0,0,0,110.6
1,3,0,0,0,0,28.7
3,2,144,0,0,0,29.4
1,3,0,0,0,0,21.4
2,1,186,0,0,0,37.7
2,1,0,0,0,0,39.3
4,3,422,1,0,1,159.3
3,2,0,0,0,0,37.5
1,3,0,0,0,0,24.1
4,1,218,0,0,0,67.4
2,1,0,0,0,0,192.2
2,3,0,0,0,0,41.4
1,1,0,0,0,0,62.8
4,3,0,0,0,0,26.9
1,1,208,0,0,0,114.1
1,3,0,0,0,0,27.0
3,3,0,0,0,0,57.9
1,2,0,0,0,0,21.5
4,3,0,1,0,0,156.6
2,1,0,0,0,0,38.2
2,3,85,0,0,0,19.0
2,3,0,0,0,0,71.2
3,3,0,0,0,0,40.1
2,2,130,0,0,0,31.7
1,2,0,0,0,0,68.2
3,1,0,0,0,0,22.6
4,1,0,0,0,0,43.8
3,2,165,0,0,0,31.6
2,1,123,0,0,0,24.7
2,3,0,0,0,0,78.4
1,2,230,0,1,0,82.2
1,1,0,0,0,0,125.7
1,2,307,0,0,0,88.9
2,3,187,0,0,1,76.5
2,2,85,0,0,0,42.9
2,1,0,0,0,0,117.0
4,1,147,0,0,0,38.1
2,3,0,0,0,0,39.0
3,1,183,0,0,0,78.2
4,2,0,0,0,0,29.3
1,3,0,1,0,0,176.4
2,1,0,0,0,0,171.3
4,2,0,0,0,0,78.2
2,2,0,0,0,0,47.6
2,2,0,0,0,0,62.1
1,1,0,0,0,0,127.5
4,1,0,0,1,0,65.1
1,3,112,0,1,0,28.6
3,1,0,0,0,0,46.5
1,1,257,0,0,0,128.7
1,3,0,0,1,0,39.5
2,1,0,0,0,0,103.1
4,1,0,0,0,0,40.8
3,3,118,1,0,0,161.5
2,1,0,0,0,0,77.3
2,1,0,0,0,0,130.9
1,3,0,0,0,0,46.5
2,1,0,0,0,0,61.2
4,1,212,0,0,0,68.1
3,2,141,0,0,0,31.3
3,3,114,0,0,0,13.1
2,1,326,0,0,0,104.9
4,2,144,0,1,0,35.2
2,1,341,0,0,0,119.0
4,3,0,0,0,0,87.4
2,2,0,1,0,0,172.0
4,2,79,0,0,0,19.6
2,1,229,0,0,0,59.3
4,1,0,0,0,0,42.2
1,2,0,0,0,0,37.1
4,1,234,0,0,0,57.9
3,1,0,0,1,0,60.0
4,3,81,0,0,0,7.8
4,2,0,0,0,0,50.7
4,1,0,1,0,1,89.0
2,1,298,0,0,0,109.6
1,3,0,0,0,0,69.6
2,2,91,0,1,0,24.9
1,3,156,0,0,0,32.1
3,3,0,0,0,0,71.4
2,1,0,0,0,0,118.0
4,2,0,0,0,0,48.7
2,1,0,0,0,0,9.0
4,2,113,0,0,0,42.5
4,1,0,0,0,0,27.2
2,1,0,0,0,0,138.1
2,1,0,0,0,0,93.7
3,1,0,0,0,0,23.6
1,1,0,0,0,0,58.8
4,2,0,0,0,0,49.4
3,2,0,0,0,0,41.9
3,1,0,0,0,0,74.6
3,2,0,0,0,0,43.9
4,3,0,0,0,0,29.5
2,1,107,0,0,0,13.0
4,1,106,0,0,0,18.2
1,2,0,1,0,0,109.9
1,2,0,0,0,0,88.1
2,3,129,0,0,0,20.3
1,2,0,1,0,0,99.8
1,2,0,0,0,0,73.1
2,1,297,0,0,0,167.2
1,1,171,1,1,1,93.8
4,1,153,0,0,0,40.9
2,2,569,1,0,0,168.8
4,2,0,0,0,0,77.4
4,2,0,0,0,0,23.4
1,2,0,1,0,0,86.4
3,2,0,0,0,0,36.6
2,1,0,0,1,0,9.0
2,2,90,0,0,0,14.9
1,1,0,0,0,0,77.3
1,3,79,0,0,0,62.3
1,3,102,0,0,0,19.5
2,3,0,0,1,1,40.9
1,3,0,0,0,0,63.5
2,2,151,0,0,0,89.3
1,1,0,0,0,0,52.2
3,2,0,0,0,0,108.3
3,1,103,0,0,0,80.5
4,3,0,0,0,0,22.8
2,1,0,0,0,0,165.33
2,1,0,0,0,0,85.3
2,3,0,0,0,0,70.2
1,3,144,1,1,0,177.1
2,3,184,0,0,0,36.9
1,3,0,0,0,0,92.5
3,2,0,0,0,0,24.0
2,3,102,0,0,0,10.0
1,1,184,0,0,0,41.0
2,1,0,0,0,0,138.1
2,1,0,0,0,0,32.7
1,1,0,0,0,0,134.4
2,1,207,0,0,0,149.5
2,3,89,0,0,0,38.0
1,3,140,0,0,0,31.5
2,1,0,0,0,0,78.4
3,2,100,0,0,0,9.33
3,3,0,0,0,0,40.5
4,1,118,0,0,0,28.7
1,3,190,0,0,0,77.2
1,1,0,0,0,0,159.0
1,3,0,0,0,0,22.6
1,1,0,0,0,0,143.0
4,3,0,0,0,0,24.3
1,3,0,0,0,0,39.9
1,1,185,0,0,0,68.5
3,2,0,1,0,0,109.8
1,2,0,0,0,0,67.2
4,1,0,1,0,0,142.9
4,2,0,0,0,0,52.5
1,1,0,0,0,0,27.7
1,1,0,0,0,0,119.2
1,3,374,1,0,1,144.6
4,2,0,0,0,0,7.3
4,1,245,0,0,0,68.3
4,3,310,1,0,0,153.1
1,2,0,0,0,0,78.8
1,1,0,0,0,0,100.4
3,1,0,0,0,0,36.7
1,1,0,0,0,0,158.0
1,1,0,0,0,0,8.8
4,3,0,0,0,0,69.0
3,3,0,0,0,0,48.9
1,3,167,0,0,0,30.6
4,1,0,1,0,1,156.7
1,1,0,0,0,0,59.8
4,2,0,0,0,0,34.0
4,2,0,0,0,0,39.8
2,1,216,0,0,0,71.3
4,1,214,0,1,1,47.5
2,1,194,0,0,0,77.0
2,1,0,0,1,0,112.5
2,1,0,0,0,0,56.8
3,2,0,0,0,0,77.4
4,2,131,0,0,0,38.9
2,3,204,1,1,1,104.6
4,3,0,1,1,0,154.3
4,1,191,0,0,0,67.3
2,3,103,0,0,0,47.4
2,1,0,0,0,0,62.5
3,2,145,0,0,0,52.6
3,1,98,0,0,0,59.7
1,1,0,0,0,0,152.0
3,2,0,0,0,0,39.5
4,2,0,0,0,0,38.3
3,1,0,1,1,1,108.0
3,1,0,0,0,0,79.9
4,2,0,0,0,0,104.6
2,3,0,0,0,0,58.2
3,1,193,0,0,0,58.5
4,2,0,0,1,0,76.0
2,3,0,0,0,0,17.9
4,3,0,0,0,0,111.3
1,2,0,0,0,0,59.33
1,1,248,0,0,0,76.1
3,1,106,0,0,0,12.6
1,1,194,0,0,0,72.2
2,3,89,0,0,0,32.2
1,1,0,0,0,0,174.9
3,2,0,0,0,0,67.0
1,3,0,0,0,0,44.0
3,2,0,0,0,0,56.0
2,1,0,0,0,0,78.2
1,1,212,0,0,0,127.6
2,3,0,0,0,0,81.0
4,2,86,0,0,0,13.6
2,3,0,0,0,0,27.2
2,1,0,0,0,0,90.8
3,3,123,1,0,0,188.4
1,1,0,0,0,0,152.1
2,1,0,0,0,0,147.8
4,1,0,0,0,0,66.7
2,1,226,0,0,0,50.9
1,3,0,0,0,0,50.3
4,1,180,0,0,0,42.4
2,1,408,0,0,0,117.9
4,1,204,0,1,0,46.8
2,3,78,0,1,0,41.0
1,1,0,0,0,0,139.9
1,2,0,0,0,0,69.4
1,1,109,0,0,0,42.5
3,3,175,0,0,0,42.1
1,2,144,0,1,0,73.9
1,1,0,0,0,0,142.5
2,1,0,0,0,0,155.9
4,1,0,0,0,0,73.1
1,2,352,1,0,0,151.6
2,3,0,0,0,0,100.5
3,2,0,0,0,0,99.4
1,2,0,0,0,0,58.0
1,1,406,0,0,0,112.1
2,2,0,0,1,0,9.9
2,1,0,0,0,0,139.3
1,1,0,0,0,0,125.5
3,3,0,1,0,0,130.5
4,2,122,0,0,0,87.0
2,1,0,0,0,0,100.4
2,3,0,0,0,1,68.25
1,1,0,0,1,0,121.7
3,1,0,0,0,0,68.5
2,3,0,1,0,0,143.7
2,3,166,0,0,0,40.9
1,3,0,0,0,0,29.5
2,3,0,0,0,0,34.2
4,3,0,0,0,0,78.4
1,3,98,0,0,0,17.6
4,3,129,0,1,1,96.2
4,3,0,0,0,0,98.9
2,3,0,0,0,0,80.6
1,1,452,0,0,0,134.4
2,2,0,0,0,0,33.3
1,1,249,0,0,0,100.6
3,2,0,0,0,0,28.3
2,2,0,1,0,0,113.6
2,2,0,0,0,0,80.3
1,1,0,0,0,0,61.8
3,1,0,0,0,0,82.9
2,2,0,0,0,0,7.9
4,3,0,0,0,0,76.3
3,2,0,0,0,0,43.5
2,1,0,0,0,0,114.0
3,2,114,0,0,0,21.9
4,2,0,0,0,0,36.8
1,2,0,0,0,0,53.4
2,1,158,0,0,0,137.9
1,2,0,0,0,0,68.4
2,1,0,0,0,0,188.0
1,2,100,0,0,0,21.5
1,1,0,0,0,0,155.6
3,3,0,1,0,1,130.7
1,2,160,0,0,0,72.2
3,2,170,0,0,0,68.3
2,1,0,0,0,0,38.2
4,1,0,0,0,0,32.3
1,1,0,0,0,0,30.3
1,1,0,0,0,0,123.3
3,1,432,1,0,0,152.6
1,1,0,0,0,0,52.2
1,2,0,0,0,0,32.0
4,2,0,0,0,0,44.4
2,3,0,0,1,0,65.7
1,2,0,0,0,0,51.5
1,1,0,0,0,0,31.9
2,3,0,1,0,0,165.8
4,1,0,0,0,0,30.6
2,1,144,0,0,0,68.3
4,2,157,0,0,1,29.6
1,1,0,0,0,0,135.5
1,2,127,0,0,0,16.5
1,1,220,0,0,0,66.2
3,1,247,0,0,0,55.9
4,1,0,0,0,0,61.5
2,1,0,0,1,0,42.7
1,3,0,0,0,0,27.8
1,3,133,0,0,0,35.9
3,2,147,0,0,0,71.7
4,1,0,0,0,0,63.1
3,2,165,0,0,0,67.4
1,1,0,0,0,0,11.7
2,1,0,0,0,0,158.5
2,3,0,0,0,0,98.5
1,3,0,0,0,0,41.7
2,3,142,0,0,0,45.9
1,1,0,0,0,0,47.5
2,1,0,0,0,0,88.6
4,2,0,0,0,0,21.3
2,1,86,0,0,0,9.8
1,2,120,0,0,0,36.7
2,3,95,0,0,0,46.9
2,3,0,0,0,0,28.6
1,2,240,0,0,1,79.4
1,3,312,0,0,0,81.2
1,2,0,0,0,0,23.9
4,1,156,0,0,0,31.4
3,3,111,0,0,0,33.1
2,2,477,1,0,0,190.25
4,1,119,0,0,0,58.8
3,2,0,0,0,0,21.9
4,3,0,0,0,0,39.0
2,1,205,0,0,0,47.2
2,3,0,0,1,0,34.3
3,2,0,0,0,0,63.7
3,1,0,0,0,0,46.7
4,2,192,0,0,0,43.0
2,1,0,0,0,0,61.3
4,1,0,0,0,0,12.3
1,3,105,0,0,0,81.1
4,2,101,0,0,0,27.8
3,1,0,0,0,0,103.6
1,1,144,0,0,0,59.0
1,1,396,0,0,0,160.6
2,3,582,1,0,0,174.2
4,3,0,0,0,0,65.0
1,1,0,0,0,0,108.0
4,1,0,1,0,0,123.5
2,2,358,1,0,0,177.1
2,1,0,0,0,0,117.7
1,1,0,0,0,0,158.9
2,1,380,0,0,0,133.7
2,2,0,0,0,0,90.3
4,3,0,0,0,0,59.7
4,2,0,1,0,0,163.9
3,2,0,0,0,0,68.1
1,1,104,0,0,0,21.8
1,1,213,0,0,0,52.7
2,2,0,0,0,1,24.0
4,2,0,1,0,0,112.8
4,3,85,0,1,1,29.9
1,3,0,0,0,0,80.2
2,1,0,0,0,0,145.1
1,1,0,0,0,0,29.9
1,3,0,0,0,0,33.8
1,3,0,0,0,0,42.6
2,1,0,0,0,0,174.4
3,1,117,0,0,0,42.5
2,1,153,0,1,1,116.0
4,1,0,0,0,0,33.2
1,3,0,0,0,0,90.2
2,2,0,0,0,0,28.0
1,3,0,0,0,0,50.5
1,3,0,0,0,0,27.7
4,2,200,0,0,0,81.6
2,2,90,0,0,0,27.3
4,1,177,0,0,0,40.6
1,3,0,1,1,1,149.0
1,3,0,0,0,0,40.7
3,1,0,0,0,0,31.5
3,3,0,1,0,0,176.2
2,3,0,0,0,0,58.2
2,1,0,0,1,0,125.7
3,3,136,0,0,0,34.1
3,2,0,1,1,1,182.8
4,2,201,0,0,0,43.7
4,2,145,0,0,0,61.9
3,3,467,1,0,1,174.8
2,3,0,0,0,0,13.9
1,3,0,0,0,0,50.8
3,3,169,0,0,0,45.4
2,1,0,0,0,0,127.6
1,1,331,0,0,0,101.0
3,1,0,0,0,0,39.1
2,1,0,0,0,0,9.6
2,1,303,0,0,0,98.7
3,2,0,0,0,0,30.9
4,1,158,0,0,0,29.2
1,3,0,0,1,0,20.4
2,1,0,0,0,0,43.7
1,3,164,0,0,0,45.5
3,2,0,0,0,0,20.8
4,2,0,0,0,0,81.8
3,2,230,0,0,0,63.3
1,1,138,0,0,0,79.5
4,1,0,0,0,0,37.7
2,3,0,0,0,0,44.2
4,3,0,1,0,1,127.3
2,1,0,0,0,0,150.6
1,1,91,0,1,0,11.0
3,1,149,0,0,0,30.5
4,1,204,0,0,0,71.4
2,2,159,0,0,0,52.9
3,2,0,1,0,1,176.9
2,3,0,0,0,0,75.0
3,1,240,0,1,0,94.9
4,2,565,1,0,1,182.7
1,1,0,0,0,0,87.2
4,1,134,0,0,0,19.0
3,3,0,0,0,0,61.8
2,3,98,0,0,0,83.3
4,2,0,0,0,0,103.3
1,1,0,0,0,0,20.8
2,2,0,0,0,0,76.2
2,1,132,0,0,0,151.33
1,1,219,0,0,0,120.7
3,2,0,0,0,0,79.2
1,1,0,0,0,0,174.9
4,2,0,0,0,0,53.4
4,3,212,0,0,0,75.4
1,2,136,0,0,0,36.5
4,2,295,1,0,0,171.0
3,1,0,1,0,0,176.5
2,1,114,0,0,0,150.2
1,3,282,1,0,0,187.1
4,3,0,0,0,0,19.5
4,3,151,0,0,0,59.8
4,3,0,0,0,0,110.6
4,1,0,0,0,0,70.0
2,3,0,0,0,0,84.0
2,3,0,0,0,0,22.8
2,1,0,0,1,1,137.7
3,1,264,0,0,0,105.6
4,1,0,0,0,0,29.2
1,1,80,0,0,0,20.7
1,1,0,0,1,0,85.8
4,3,252,0,0,0,79.6
1,1,0,0,0,0,22.7
1,1,0,0,1,0,34.9
1,3,0,1,0,0,111.5
3,2,0,0,0,0,17.9
2,3,238,0,0,0,78.4
2,3,0,0,0,0,71.7
4,2,0,1,0,0,117.9
3,2,0,0,0,0,70.67
2,1,0,0,0,0,38.9
4,3,0,0,0,0,54.9
1,2,0,0,1,0,66.3
4,2,0,0,0,0,90.6
4,3,0,0,0,0,45.9
4,3,327,1,0,0,112.4
1,2,0,0,0,0,56.7
2,1,0,0,0,0,106.8
3,2,0,0,0,0,38.0
3,2,144,0,0,0,31.1
4,1,0,0,0,0,17.8
1,1,0,0,0,0,61.4
1,2,0,0,0,0,40.2
4,3,0,0,0,0,68.0
1,3,0,0,0,0,18.1
4,2,140,0,0,0,37.7
3,1,0,0,0,0,80.2
4,3,0,0,0,0,32.7
1,2,175,1,1,1,134.1
1,1,0,0,0,0,113.7
2,3,151,0,0,0,51.8
1,2,76,0,0,0,20.9
4,2,0,0,1,0,47.2
3,1,0,0,0,0,39.5
3,1,0,1,0,1,187.8
2,3,0,0,0,0,7.7
2,2,0,0,0,0,53.33
2,1,0,0,0,0,38.7
3,2,0,0,0,0,21.9
2,2,0,0,1,0,42.33
3,3,0,1,0,0,97.5
4,3,235,0,0,0,52.2
4,2,0,1,0,0,126.8
3,2,0,0,0,0,72.67
2,1,0,0,0,0,40.3
1,1,0,0,0,0,129.2
1,2,0,0,0,0,38.8
3,1,101,0,0,0,32.5
1,1,0,0,0,0,141.2
3,1,0,0,0,1,61.7
2,3,170,0,0,0,42.4
1,1,262,0,0,0,94.7
1,3,0,0,0,0,47.6
2,1,0,0,0,0,11.8
1,3,0,0,0,0,96.7
4,1,0,0,0,0,41.6
2,3,0,0,0,0,43.4
1,1,0,0,0,0,118.8
2,1,0,0,0,0,168.3
4,1,0,0,0,0,21.7
4,1,99,0,0,0,75.33
2,2,109,0,0,0,53.0
1,1,0,0,0,0,147.0
3,2,0,0,0,0,39.3
2,1,635,0,0,0,188.5
1,3,0,0,0,0,77.0
3,2,0,0,0,0,79.0
2,1,0,0,0,0,87.0
3,2,0,0,0,0,58.4
4,3,0,0,0,0,24.6
3,2,163,0,0,0,42.9
1,1,352,0,0,0,119.4
1,1,385,0,0,0,155.7
4,2,0,0,0,0,81.4
2,3,0,0,0,0,79.0
3,2,0,0,0,0,29.5
1,1,437,0,0,0,140.7
2,1,328,0,0,0,147.7
2,3,98,0,0,0,13.9
3,2,0,0,0,0,18.8
1,3,135,0,0,0,54.3
2,3,0,1,0,0,129.6
1,1,0,0,0,0,173.4
3,1,0,0,0,0,77.5
1,2,0,0,0,0,39.6
2,3,187,0,0,0,41.7
4,3,522,1,0,1,189.8
3,2,0,0,0,0,52.5
3,1,0,0,0,0,62.6
4,1,0,0,0,0,42.8
4,3,0,0,0,0,36.5
1,3,0,0,0,0,48.2
2,2,0,0,0,0,79.2
1,3,0,0,0,0,39.1
3,1,0,0,0,0,70.7
2,3,104,0,0,0,30.6
3,2,0,0,0,0,83.4
2,1,0,0,0,0,93.1
4,1,301,1,0,0,160.7
2,3,115,0,0,0,57.8
2,3,0,1,1,0,119.9
3,2,165,0,0,1,42.0
1,2,182,0,0,1,36.2
1,1,276,0,0,0,79.1
4,1,0,0,0,0,50.1
3,1,168,0,0,0,41.5
1,2,0,0,1,1,79.4
1,1,0,0,1,0,156.9
2,2,0,0,0,0,23.3
1,1,0,0,0,0,99.4
3,2,0,0,0,0,50.6
1,1,0,0,0,0,83.8
3,1,0,0,0,0,106.6
2,1,0,0,0,0,89.7
2,1,188,0,0,0,92.9
4,3,0,0,0,0,59.4
2,2,0,1,1,1,150.2
2,3,0,0,0,0,37.0
2,1,181,0,1,0,196.2
1,1,496,0,0,0,138.6
2,1,0,0,1,0,162.6
3,1,0,0,1,0,112.0
1,1,0,0,0,0,61.1
3,3,0,0,0,0,19.9
1,1,0,0,0,0,178.0
2,3,90,0,0,0,86.5
1,1,0,1,1,1,99.67
4,2,0,0,0,0,78.4
2,1,0,0,0,0,37.7
1,1,0,0,0,0,43.8
1,2,0,1,0,0,159.7
3,1,0,0,0,0,79.4
2,2,83,0,0,0,93.3
3,2,0,0,0,0,42.1
3,1,0,0,0,0,86.4
3,2,0,1,0,0,141.0
3,2,184,1,0,1,164.0
1,2,102,0,0,0,10.2
1,3,158,0,0,0,89.0
3,2,0,0,0,0,71.4
3,1,0,0,0,0,71.2
3,1,0,0,0,0,60.33
2,1,415,0,0,0,167.5
2,1,0,0,0,0,181.6
1,3,166,0,0,0,37.5
4,1,0,0,1,0,65.1
4,3,0,0,0,0,74.4
2,1,184,0,0,0,64.3
1,1,99,0,0,0,47.6
2,3,0,0,0,0,36.7
1,1,392,0,0,0,147.5
2,1,461,0,0,0,158.5
4,2,0,0,0,0,87.1
4,3,244,0,0,0,103.3
2,1,0,0,0,0,76.0
2,1,344,0,0,0,125.3
4,1,228,0,0,0,80.2
4,3,152,0,0,0,49.9
3,3,178,0,0,0,37.9
2,1,263,0,1,0,112.9
3,2,0,0,0,0,108.2
1,3,102,0,0,0,27.6
1,3,0,0,0,0,18.6
2,3,221,1,0,0,125.3
1,1,130,0,0,0,35.6
1,3,0,0,0,0,30.7
4,2,105,0,0,0,13.3
3,2,0,1,0,1,157.6
4,1,115,0,0,0,38.8
2,3,0,1,0,0,136.1
3,1,167,0,0,0,32.0
2,1,0,0,0,0,91.4
3,2,0,0,0,0,75.0
3,2,0,0,0,0,39.3
2,2,83,0,0,0,14.7
1,2,0,0,0,0,45.2
3,1,0,0,0,0,60.7
1,1,0,0,1,0,144.3
1,1,103,0,0,0,48.2
2,1,0,0,0,0,121.1
1,2,0,0,0,0,56.7
3,1,0,0,0,0,46.5
2,3,0,0,0,0,71.8
2,1,0,0,0,0,113.8
4,2,0,1,0,1,128.5
4,3,0,0,0,0,108.7
4,2,149,0,0,0,58.2
1,1,0,0,1,0,44.3
2,1,0,0,0,0,112.8
1,1,0,0,0,0,125.4
4,3,0,1,0,0,162.3
1,3,206,0,1,0,77.0
1,2,297,0,0,0,74.9
4,3,0,0,0,0,20.9
3,1,0,0,0,0,78.6
1,1,368,0,1,0,117.5
4,3,0,0,0,0,38.33
1,3,170,0,1,0,98.1
2,3,0,0,0,0,85.5
1,2,0,0,0,0,65.33
2,2,221,0,1,0,72.2
4,2,257,0,0,0,73.9
2,3,0,0,0,0,47.8
1,1,0,0,0,0,147.5
1,3,88,0,0,0,29.6
2,3,0,0,0,0,83.4
2,3,0,0,0,0,60.25
1,1,110,0,1,0,43.7
3,3,190,0,1,1,62.5
2,1,0,0,0,0,22.7
3,2,87,0,0,0,37.8
2,3,204,0,0,0,73.5
3,3,129,0,0,0,39.1
4,1,0,0,1,1,75.6
3,2,0,1,0,0,128.3
3,2,0,0,0,0,70.7
3,3,0,0,0,0,22.7
2,1,0,0,0,0,14.7
1,1,138,0,0,0,26.7
3,1,95,0,0,0,22.0
1,3,0,0,0,0,17.5
3,3,158,0,0,0,40.6
2,1,325,0,1,0,112.6
4,2,0,0,0,0,33.6
1,2,104,0,0,0,18.5
1,2,0,0,0,0,41.4
3,1,0,1,1,1,177.8
3,3,0,0,0,0,41.8
2,2,0,0,0,0,20.9
1,1,174,0,0,0,112.5
4,2,0,0,0,0,77.2
2,1,0,0,0,0,88.2
4,2,0,0,0,0,29.1
3,3,0,0,0,0,53.6
2,3,0,0,0,0,45.9
4,2,121,0,0,0,22.7
3,2,0,0,0,0,20.9
2,1,0,0,0,0,53.3
3,2,0,0,0,0,20.0
3,3,0,0,1,0,37.8
4,1,0,0,0,0,29.7
3,2,0,0,0,0,77.4
2,3,0,0,0,0,61.8
4,3,209,0,0,0,47.9
4,2,0,0,1,0,53.0
2,1,0,0,0,0,110.8
3,2,0,0,0,0,20.9
3,3,256,0,0,0,64.5
1,3,0,0,0,0,113.2
3,3,179,0,0,0,53.1
2,2,0,0,0,0,73.3
4,1,0,0,0,0,12.6
2,3,218,0,0,0,53.4
3,2,126,0,0,0,21.0
2,1,0,0,0,0,195.2
1,1,0,0,0,0,17.8
4,1,0,0,0,0,73.3
4,3,0,0,0,0,60.8
2,1,0,0,0,0,62.2
2,2,0,0,1,0,9.7
2,2,0,0,1,0,80.2
3,2,168,0,0,0,58.3
2,1,148,0,1,0,80.5
3,3,0,0,0,0,70.4
2,1,89,0,0,0,21.6
2,2,321,0,0,0,89.2
3,3,94,0,1,1,62.8
3,1,0,0,0,0,12.5
1,1,255,0,0,0,98.4
1,1,0,0,0,0,94.7
4,1,0,0,0,0,30.0
3,1,0,1,0,0,130.4
4,3,0,1,1,1,173.9
4,1,0,0,0,0,37.9
3,1,0,0,0,0,103.0
3,3,0,1,0,0,110.7
4,2,0,0,0,0,36.3
4,3,0,0,0,0,28.7
2,3,106,0,0,0,18.9
4,1,0,0,0,0,24.0
4,3,0,1,0,0,119.0
3,1,0,0,0,0,19.5
1,3,0,0,0,0,82.0
4,2,0,0,0,0,17.7
1,3,149,1,0,0,96.0
3,2,0,0,0,0,61.7
1,2,0,0,0,0,23.9
4,1,84,0,0,0,12.0
2,3,0,0,1,0,63.2
3,1,240,0,0,0,59.33
1,2,0,1,1,1,153.3
1,1,0,0,0,0,82.6
4,1,0,0,0,0,27.2
2,3,0,0,0,0,51.0
4,1,0,0,0,0,82.0
2,1,97,0,0,0,133.1
1,2,0,0,0,0,79.2
4,2,228,0,0,0,56.8
1,1,0,0,0,0,178.3
1,2,227,0,0,0,53.4
3,2,100,0,0,0,62.33
3,2,0,0,0,0,59.67
4,1,0,0,0,0,22.7
1,1,0,0,0,0,33.3
4,2,0,0,0,0,34.8
4,1,0,0,0,0,73.6
3,1,0,0,0,0,13.6
2,3,199,0,0,0,81.5
4,3,0,0,0,0,69.1
2,1,130,0,1,0,52.3
2,1,84,0,0,0,102.4
1,1,0,0,0,0,107.3
2,2,94,0,1,0,58.1
3,2,0,0,0,0,11.33
2,1,0,0,0,0,133.0
1,1,0,0,0,0,124.2
3,1,296,0,0,0,97.0
1,3,0,0,0,0,40.5
2,3,0,0,0,0,85.5
1,1,0,0,0,0,30.7
1,3,0,0,0,0,71.0
4,3,0,0,0,0,81.2
1,3,0,0,0,0,34.5
1,1,0,0,0,0,136.0
3,3,0,0,0,0,64.5
3,1,0,0,0,0,33.6
4,3,0,0,0,0,71.2
1,2,0,0,0,0,27.5
4,2,147,0,0,0,53.0
4,2,0,0,0,0,19.3
1,2,0,0,0,0,67.2
4,1,0,0,0,0,80.8
2,1,0,0,1,0,24.7
2,1,239,0,0,0,111.5
4,2,185,0,0,0,47.3
1,1,0,0,0,0,36.6
2,3,0,0,0,0,78.5
1,1,0,0,0,0,79.7
4,2,0,0,0,0,59.4
2,2,373,1,0,1,171.5
2,1,0,0,1,0,57.5
2,3,0,0,0,0,78.5
1,2,0,0,0,0,56.2
3,3,116,0,0,0,30.0
3,3,0,0,0,0,32.9
4,3,0,0,0,0,18.8
4,1,0,0,0,0,13.7
4,1,120,1,0,1,89.9
2,1,325,0,0,0,147.9
1,2,0,0,0,0,31.0
2,3,135,0,0,0,27.8
1,1,0,0,1,0,42.2
2,3,0,0,0,0,80.2
1,3,0,0,0,0,28.5
3,3,0,0,1,0,57.7
4,2,0,0,0,0,37.1
3,1,0,0,0,0,80.5
1,3,0,0,0,0,17.6
2,2,0,0,0,0,43.3
4,1,0,0,0,0,60.6
3,1,0,0,0,0,45.6
1,3,0,0,1,0,23.7
4,3,0,0,0,0,63.0
1,1,329,0,0,0,111.0
3,2,0,0,0,0,113.4
2,3,0,0,0,0,37.4
1,3,0,0,0,0,18.25
3,2,0,0,0,1,21.9
4,2,0,0,0,0,47.9
1,1,0,0,0,0,39.7
1,1,118,0,0,0,61.4
1,1,0,0,0,0,52.2
1,2,0,0,0,0,31.0
4,3,0,0,0,0,29.5
4,1,0,0,0,0,23.8
4,3,0,0,0,0,77.4
1,2,223,0,0,0,80.2
2,1,0,0,0,0,109.7
2,1,0,0,0,0,88.7
1,1,0,0,0,0,79.8
3,3,0,0,1,0,99.8
3,2,0,0,0,0,75.0
2,3,0,0,0,0,78.0
1,2,118,0,0,0,33.5
2,3,0,0,0,0,8.7
4,2,0,0,0,0,80.0
1,3,0,0,0,0,38.5
1,3,0,0,0,0,82.2
4,2,185,0,1,0,39.8
3,1,0,0,0,0,51.7
2,3,0,0,0,0,84.0
1,1,0,0,0,0,127.2
2,3,0,0,0,0,81.2
4,1,0,0,0,0,80.6
4,3,0,0,0,0,111.6
3,3,0,0,0,0,60.5
1,3,0,0,0,0,36.8
2,1,120,0,0,0,20.0
4,3,0,1,0,0,105.6
2,1,113,0,0,0,65.2
4,2,0,1,0,0,175.4
4,2,0,1,0,0,88.9
2,1,0,0,0,0,83.2
1,1,0,0,0,0,175.9
2,3,0,0,0,0,108.5
1,1,268,0,0,0,63.8
1,3,0,1,0,0,155.1
2,1,0,0,0,0,77.8
1,1,0,0,0,0,128.2
1,2,0,0,0,0,42.0
1,1,0,0,0,0,95.4
2,2,0,0,0,0,60.5
1,1,0,0,0,0,86.3
4,2,87,0,0,0,28.3
4,3,0,0,0,0,98.9
3,2,0,0,0,0,64.3
1,2,0,0,0,0,55.2
2,3,0,0,0,0,31.2
4,1,292,1,0,0,139.5
1,1,187,0,0,0,43.7
1,3,0,0,0,0,112.9
1,2,0,0,0,0,36.7
4,1,0,0,1,0,12.6
2,1,0,0,1,0,59.5
3,3,0,0,0,0,27.0
3,2,0,1,0,0,137.0
1,2,0,1,0,0,127.6
1,3,0,0,0,0,22.7
2,1,89,0,0,0,10.7
4,2,0,0,0,0,88.1
1,2,0,0,0,0,41.1
4,1,0,0,0,0,56.4
2,3,0,0,0,0,27.2
2,2,82,0,0,0,27.3
3,1,383,0,0,0,107.0
1,3,0,0,0,0,75.2
1,1,0,0,0,0,62.6
4,1,0,0,0,0,24.0
2,3,0,0,0,0,104.2
4,2,0,0,0,0,42.8
4,2,0,0,0,0,94.0
1,1,0,0,0,0,23.7
2,1,0,0,0,0,181.2
1,3,0,0,0,0,23.1
4,1,0,0,0,0,39.3
3,1,0,0,0,0,78.9
3,3,0,0,0,0,61.0
3,3,0,0,0,0,77.0
4,1,0,1,0,0,101.8
3,3,0,1,0,0,151.0
1,1,0,0,0,0,113.4
1,1,0,0,0,0,114.8
1,3,0,0,0,1,100.0
1,1,0,0,0,0,18.7
1,1,0,0,1,0,39.6
2,1,0,0,0,0,33.7
1,2,0,1,0,0,171.1
1,3,0,1,1,1,162.7
1,1,0,0,0,0,21.9
1,1,82,0,0,0,128.2
4,3,0,0,0,0,30.9
3,3,0,0,0,0,20.9
2,2,0,0,0,0,47.33
4,2,280,0,0,0,78.9
2,3,86,0,0,0,29.2
2,1,358,0,0,0,110.2
4,3,0,0,0,0,10.3
3,3,0,0,0,0,59.0
4,2,0,0,1,0,41.8
4,3,354,1,0,0,135.9
4,3,0,0,0,0,52.2
2,1,0,0,1,0,32.7
3,3,121,0,0,0,82.8
1,3,0,1,0,0,124.0
1,1,0,0,0,0,106.6
4,1,0,0,0,1,13.0
2,1,0,0,0,0,62.2
3,3,0,0,0,1,76.0
3,3,0,0,0,0,17.7
2,3,275,0,0,0,90.5
2,2,0,0,0,0,93.2
1,1,0,0,0,0,189.3
1,3,83,0,0,0,18.33
4,3,0,0,0,0,18.4
1,3,0,0,0,0,38.7
1,1,0,0,0,0,90.6
3,3,0,1,0,0,110.4
1,2,408,0,1,1,109.3
4,1,0,0,0,0,39.6
3,2,0,0,0,0,44.4
1,1,0,0,0,0,128.0
3,1,87,0,0,0,83.4
2,2,0,0,0,0,17.7
4,2,0,0,0,0,52.7
2,2,105,0,0,0,38.6
1,3,0,0,0,0,20.33
1,1,0,0,0,0,146.0
1,2,0,0,0,0,51.4
3,2,0,1,0,1,157.67
4,2,0,0,0,0,83.9
3,3,199,0,1,0,58.1
3,2,0,0,0,0,32.5
4,1,209,0,0,0,76.1
3,2,442,1,0,1,174.8
1,3,0,0,0,0,58.8
4,2,0,0,0,0,86.9
2,1,0,0,0,0,167.2
4,3,315,0,0,0,82.3
4,2,0,0,0,0,43.4
3,3,0,0,0,0,81.0
1,2,76,0,0,0,20.2
1,1,0,0,0,0,139.5
2,1,0,0,1,1,100.2
3,1,213,1,0,0,130.9
1,1,153,0,1,0,153.4
4,1,0,0,1,0,72.6
4,3,0,1,0,0,141.2
2,3,0,0,0,0,24.8
2,1,85,0,0,0,111.7
3,1,238,0,0,0,87.2
3,3,0,0,0,0,72.7
1,3,221,0,0,0,93.2
1,1,0,0,0,0,57.0
3,2,0,0,0,0,80.1
4,3,0,0,0,0,110.9
2,2,135,0,0,0,33.6
1,1,0,0,0,0,65.0
2,1,137,0,0,0,163.3
2,2,0,0,0,0,59.6
2,3,97,0,0,0,51.9
1,2,0,0,0,0,37.8
1,3,118,0,0,0,26.6
2,3,0,0,0,0,95.0
3,2,0,1,0,0,78.3
1,3,101,0,0,0,20.4
2,3,0,0,0,0,47.9
3,3,0,0,0,0,32.0
4,3,0,0,0,0,18.3
4,1,0,0,0,0,69.1
2,2,84,0,0,0,111.0
4,3,0,0,0,0,8.8
1,1,427,0,0,0,116.0
4,1,0,0,0,0,74.1
3,3,0,0,0,0,70.6
1,1,0,0,0,0,16.7
2,1,0,0,0,0,90.8
1,2,244,0,0,0,62.0
3,2,0,0,0,0,22.0
3,3,0,0,0,1,38.6
4,1,87,0,0,0,32.3
1,3,0,0,0,0,113.2
1,1,0,0,0,0,122.6
1,3,0,0,0,0,39.6
2,3,0,0,0,0,37.0
4,2,0,0,0,0,45.0
4,1,90,0,0,0,11.0
2,3,189,0,0,0,113.5
2,1,0,0,0,0,167.0
1,3,0,0,0,0,23.1
2,2,108,0,0,0,26.6
2,1,0,0,0,0,31.7
2,3,184,0,1,0,61.3
1,1,0,0,0,0,31.0
4,1,0,0,1,0,58.7
2,3,78,0,0,0,51.4
4,1,0,0,1,0,56.7
4,2,0,0,0,0,39.5
4,2,0,0,1,0,38.3
1,1,271,0,0,0,69.2
3,1,0,0,0,1,79.9
4,2,0,0,0,0,38.4
2,3,0,0,1,1,17.7
1,3,0,0,0,0,29.5
1,1,202,0,0,0,51.2
1,1,0,0,0,0,127.1
1,2,116,0,0,0,36.5
1,1,186,0,0,0,112.6
4,3,109,0,0,0,24.9
4,3,110,0,0,0,83.1
3,2,0,1,1,1,130.2
4,3,0,0,0,0,13.5
1,3,251,0,0,0,68.4
3,2,0,0,0,0,22.6
4,2,0,0,0,0,30.7
1,1,0,0,0,0,131.7
3,1,0,0,0,0,27.5
2,3,0,1,0,0,120.3
2,1,0,0,0,0,88.2
2,1,231,0,0,0,188.2
2,2,0,0,0,0,86.2
4,3,0,0,0,0,81.6
3,3,142,0,0,0,62.0
2,2,146,0,1,0,27.5
1,1,0,0,0,0,148.2
4,1,0,1,0,1,167.75
1,2,0,0,0,0,40.1
2,2,96,0,0,0,52.0
2,3,364,1,0,0,148.8
2,2,0,0,0,0,111.2
2,1,0,0,0,0,76.5
2,1,429,0,0,0,174.5
1,3,0,0,0,0,36.6
4,2,431,1,0,0,117.0
4,1,0,0,1,0,51.3
2,2,0,0,0,0,41.3
1,1,0,0,0,0,12.7
2,1,0,0,1,0,134.1
2,1,156,0,0,0,126.67
1,3,0,1,0,0,131.5
2,1,0,0,0,0,61.5
2,1,0,0,1,0,47.5
1,3,0,0,0,0,33.7
1,1,81,0,1,0,86.7
1,1,0,0,0,0,190.3
3,2,112,0,0,0,50.5
2,3,0,0,0,0,38.2
4,1,0,0,0,0,19.0
4,3,0,0,0,0,102.2
2,2,131,0,0,0,49.9
3,1,0,1,1,0,147.6
1,1,115,0,0,0,36.67
2,1,0,0,0,0,11.6
1,3,0,0,0,0,27.4
2,3,0,0,0,0,32.6
4,2,0,0,0,0,29.5
1,2,192,0,0,0,42.2
4,3,192,0,0,0,47.0
2,1,0,0,0,0,133.7
4,3,94,1,0,0,181.2
1,1,286,0,0,0,113.7
1,2,0,0,0,0,87.2
4,3,0,0,1,0,103.3
3,1,90,0,0,0,56.0
4,3,0,0,0,0,50.9
4,3,0,0,1,0,14.4
1,3,0,0,0,0,102.2
4,2,154,0,0,1,56.2
1,2,0,0,0,1,80.33
1,3,0,1,0,0,120.7
3,3,0,0,0,0,60.1
3,2,0,0,0,0,66.67
1,3,0,0,0,0,87.5
4,1,0,0,0,0,67.1
2,2,0,0,0,0,38.0
4,2,0,0,0,0,39.8
2,1,508,0,0,0,147.6
3,2,148,0,0,0,37.4
1,3,146,1,0,0,91.1
2,1,0,0,0,0,123.0
4,2,0,0,1,0,82.2
3,2,0,0,0,0,27.7
2,3,0,0,0,0,29.2
2,3,134,0,0,0,90.0
1,1,0,0,0,0,149.2
4,2,0,0,0,0,14.1
4,2,0,0,0,0,12.1
2,3,0,0,0,0,8.8
4,3,0,0,0,0,22.9
3,2,0,0,0,0,38.8
4,1,0,0,0,0,24.0
4,2,0,0,1,0,46.2
3,3,128,0,0,0,57.1
2,1,0,0,0,0,141.0
4,1,211,0,0,0,47.9
3,1,0,0,0,0,59.0
1,1,0,0,0,0,63.8
1,1,229,0,0,0,111.7
3,3,0,0,0,0,18.7
1,2,0,0,0,0,22.9
1,3,0,0,0,0,57.8
4,1,0,0,1,0,29.7
4,1,210,1,0,0,138.6
4,3,0,1,0,0,115.0
2,1,0,0,0,0,194.0
3,1,0,0,0,0,107.9
1,1,0,0,0,0,171.6
1,3,119,0,0,0,32.9
3,2,0,0,0,0,83.3
1,2,0,0,0,0,39.0
3,1,0,0,0,0,90.4
1,3,116,0,0,0,18.25
3,2,172,0,0,0,54.5
4,2,0,0,0,0,21.5
1,1,0,0,0,0,148.0
4,3,0,0,1,0,70.0
1,2,0,0,0,0,78.3
1,1,0,0,1,0,28.3
4,1,189,0,0,0,51.1
3,1,0,0,0,0,57.5
1,2,0,0,0,0,66.5
4,2,126,0,0,0,62.8
3,2,142,0,0,0,30.0
1,3,272,1,1,1,162.5
1,3,0,1,0,0,138.1
1,3,0,0,0,0,28.4
2,2,0,0,0,0,41.9
2,1,0,0,0,0,77.2
1,2,123,0,0,0,41.7
2,1,0,0,0,0,189.5
2,3,0,0,1,0,23.2
2,3,0,0,0,0,31.4
3,1,416,1,0,0,147.4
1,3,0,0,0,0,29.6
3,1,0,1,0,0,159.4
3,2,0,0,0,0,63.7
4,2,83,0,0,0,14.4
3,2,0,0,0,0,69.7
3,3,0,0,0,0,30.0
2,2,209,1,0,0,123.9
1,3,102,0,1,1,81.1
2,3,0,0,0,0,59.8
3,2,0,0,0,0,32.0
1,1,0,0,0,0,65.0
4,2,85,0,0,0,31.5
1,2,115,0,0,0,14.2
3,2,0,0,0,0,44.0
2,1,0,0,0,0,128.1
3,2,0,0,0,0,28.9
1,2,0,0,0,0,65.0
2,2,147,0,0,0,49.6
2,1,0,0,0,0,63.9
2,3,224,0,0,0,70.7
1,3,0,0,0,0,19.33
2,1,192,0,0,0,43.7
1,1,0,0,0,0,76.5
2,2,79,0,0,0,102.2
1,1,0,0,0,0,83.3
3,3,0,0,0,0,49.0
3,2,0,0,0,0,60.1
2,3,91,0,0,1,22.9
2,3,95,0,0,0,35.9
3,2,0,0,1,0,72.4
4,1,0,0,0,0,41.9
4,1,0,0,0,0,44.9
3,2,0,0,0,0,58.5
2,3,0,1,0,0,127.4
2,3,96,0,0,0,9.0
3,3,0,0,0,0,61.1
1,1,553,0,0,0,197.3
1,1,0,0,0,0,157.7
3,1,79,0,0,0,91.4
1,1,0,0,0,0,144.1
1,1,368,1,1,1,94.4
1,3,0,1,0,0,142.2
3,2,0,1,0,0,148.6
2,1,0,0,0,0,143.0
1,3,78,0,0,0,67.5
2,1,146,0,0,0,29.7
2,2,0,0,0,0,47.0
1,3,0,0,0,0,41.7
2,1,403,0,0,0,131.7
3,2,193,0,0,0,79.3
4,2,0,0,0,0,56.2
4,2,95,0,0,0,43.3
1,3,0,0,0,0,68.6
4,1,0,0,0,0,68.1
4,3,0,0,0,0,27.0
2,1,0,0,0,0,82.8
1,1,0,0,0,0,127.6
1,1,0,0,0,0,82.0
1,3,225,0,0,0,75.0
4,3,0,0,0,0,49.1
2,1,0,0,0,0,104.7
1,1,0,0,0,0,92.7
4,3,0,0,0,0,70.7
2,2,0,0,0,0,23.5
3,2,0,0,0,0,63.1
3,1,242,0,0,0,103.0
4,3,0,0,0,0,36.1
1,1,0,0,1,0,182.9
4,3,0,0,0,0,51.33
4,3,0,0,0,0,71.7
4,3,0,0,1,0,20.3
3,3,144,0,0,0,78.4
4,1,174,0,0,0,38.5
1,3,0,0,1,0,75.3
3,2,260,1,0,0,134.1
3,2,0,0,0,0,31.0
3,3,0,0,0,0,36.0
3,2,0,0,0,0,83.2
2,3,107,0,0,0,92.2
1,3,0,1,0,0,138.1
4,2,0,0,0,0,66.8
2,2,0,0,0,0,30.0
4,1,177,0,0,0,60.1
1,1,0,0,0,0,122.6
4,2,0,0,1,0,29.0
2,2,0,0,0,0,101.6
1,1,0,0,0,0,23.9
1,2,0,0,0,0,21.6
2,2,0,0,0,0,56.6
1,2,0,1,1,1,115.9
2,1,500,0,0,0,164.0
4,1,0,0,0,1,58.4
3,2,0,0,0,0,41.1
3,1,0,0,1,0,67.67
2,1,0,0,0,0,48.2
4,1,0,0,0,0,57.4
4,3,75,1,0,0,128.7
2,2,0,0,0,0,20.6
4,2,0,0,0,0,28.6
1,3,0,0,0,0,17.6
3,3,0,0,0,0,64.5
4,1,0,0,0,0,63.7
1,1,0,0,1,0,37.8
2,1,0,0,0,0,108.0
1,2,111,0,0,0,20.5
2,1,0,0,0,0,42.7
4,1,0,0,0,0,29.4
2,1,0,0,0,0,127.7
3,1,0,0,0,0,30.7
1,1,0,0,0,0,134.7
2,1,0,0,0,0,44.3
3,2,0,0,1,0,59.0
4,2,103,0,0,0,49.3
1,3,313,0,0,0,92.2
1,1,0,0,0,0,120.7
1,1,0,0,0,0,43.67
1,1,0,0,1,0,170.9
3,1,205,0,0,0,61.2
2,1,0,0,0,0,39.9
2,3,0,0,0,0,57.4
4,1,0,0,0,0,61.8
3,2,0,0,0,0,26.3
1,3,0,0,0,0,20.33
1,2,0,0,0,0,57.2
2,1,0,0,0,0,77.8
3,3,0,0,0,0,58.5
3,3,0,0,1,1,58.5
4,2,0,0,0,0,81.6
1,1,0,0,1,0,122.3
1,1,0,0,0,0,92.4
4,3,410,1,0,0,155.7
4,3,0,0,1,0,75.6
2,2,0,1,0,0,178.9
3,1,0,0,0,0,29.0
2,3,123,0,0,0,49.4
1,3,0,0,0,0,34.4
4,3,0,0,0,0,70.0
4,2,0,0,1,0,41.8
2,2,0,0,0,0,22.0
4,1,99,0,0,0,19.6
1,1,0,0,0,0,111.4
3,2,0,0,0,0,73.3
2,3,232,0,0,0,64.6
2,1,0,0,0,0,123.8
3,1,0,0,0,0,62.5
3,3,285,0,0,0,71.0
2,3,0,0,0,0,7.9
3,1,76,0,0,0,50.7
3,3,229,1,0,0,128.4
4,1,0,0,1,1,12.7
1,1,98,0,0,0,57.6
1,2,82,0,0,0,43.4
2,3,119,0,0,0,36.9
4,2,0,0,0,0,76.0
3,3,0,0,0,0,42.5
2,1,109,0,1,1,30.7
3,2,161,1,0,0,115.6
3,1,0,0,0,0,81.9
3,1,0,0,0,0,109.5
1,2,0,0,0,0,9.6
2,3,95,0,0,0,17.1
3,2,0,0,0,0,71.7
4,3,0,0,0,0,71.8
1,1,0,0,0,0,72.8
3,2,0,0,0,0,76.2
1,3,0,0,0,0,29.5
3,1,0,0,0,0,43.6
2,1,0,0,0,0,79.6
1,1,0,0,0,0,169.3
2,3,0,0,0,0,47.8
1,1,0,0,0,1,175.0
4,2,194,0,0,0,76.6
3,3,0,0,0,0,77.4
1,1,118,0,0,0,113.6
4,2,109,0,1,1,47.8
3,2,0,1,0,0,79.1
1,2,126,0,0,0,97.3
3,1,0,0,0,0,67.67
3,2,0,0,0,0,51.5
4,1,0,0,0,0,11.0
4,3,219,0,0,0,80.7
2,2,0,0,0,0,33.7
4,3,0,0,0,0,109.6
3,3,0,0,0,0,41.0
2,1,0,0,0,0,80.8
1,2,0,1,0,0,140.6
2,1,0,0,0,0,192.33
4,2,121,0,0,0,27.5
3,3,273,0,0,0,68.6
2,3,0,0,0,0,24.3
2,1,0,0,0,0,82.9
3,1,0,0,0,0,76.6
2,1,0,0,0,0,14.6
3,3,0,0,0,0,53.7
4,2,304,1,0,0,104.2
4,1,0,0,0,0,80.33
1,3,170,0,0,1,61.3
2,1,204,0,0,0,130.7
3,1,79,0,0,0,72.67
2,2,341,0,0,0,107.0
2,1,0,0,0,0,149.0
4,3,0,0,1,0,80.6
4,3,0,0,0,0,50.2
2,3,0,0,0,0,29.0
3,3,449,1,0,0,132.3
1,1,151,0,0,0,97.1
4,2,0,0,0,0,13.4
4,1,0,0,0,0,61.4
2,1,0,0,0,0,102.2
1,1,333,0,0,1,116.7
4,2,0,0,1,0,77.8
3,3,0,0,0,0,49.6
4,2,0,1,0,0,111.2
1,1,0,0,0,0,80.6
1,1,0,0,0,0,89.7
4,1,0,0,1,1,26.3
2,1,221,0,0,0,79.5
3,1,0,0,0,0,23.6
2,1,0,0,0,0,69.3
1,1,0,0,0,0,79.7
4,3,0,0,0,0,107.3
1,1,0,0,0,0,137.1
4,2,0,0,1,0,38.8
1,2,98,0,0,0,37.8
3,2,0,0,1,0,47.6
2,1,0,0,0,0,30.7
3,3,144,0,0,0,34.0
4,1,0,0,0,0,43.8
1,3,0,0,0,0,34.5
2,1,106,0,0,0,19.7
4,2,0,0,0,0,9.3
4,3,0,0,0,0,81.0
2,1,0,0,0,0,194.2
3,1,0,0,0,0,83.2
4,1,0,0,0,0,40.2
2,1,0,0,0,0,156.2
2,1,0,0,0,0,145.5
4,1,0,0,1,0,60.4
4,1,89,0,0,0,11.0
4,1,0,0,0,0,27.4
1,1,0,0,0,0,50.0
3,2,97,0,0,0,17.7
3,1,0,0,0,0,33.7
4,1,96,0,0,0,27.7
3,2,0,0,0,0,68.0
1,1,0,0,0,0,139.1
4,3,0,0,0,0,99.7
4,3,0,0,0,0,48.0
3,1,205,0,0,0,58.7
2,2,259,1,0,0,184.3
4,3,0,1,0,0,169.0
4,2,194,0,0,0,43.1
4,1,0,0,1,0,11.0
4,1,188,0,0,0,65.6
1,1,0,0,0,0,127.0
2,1,196,0,0,0,124.1
4,1,122,0,0,0,43.2
1,3,0,0,0,0,43.5
2,3,0,0,1,0,32.0
2,1,0,0,0,0,128.1
2,1,0,0,0,0,155.9
1,1,0,0,0,0,82.9
1,3,75,0,0,0,26.6
3,3,0,1,1,0,128.8
3,2,0,0,0,0,30.5
4,2,0,0,0,0,40.0
2,1,127,0,1,0,69.2
2,3,0,0,0,0,40.0
3,2,114,0,0,0,34.9
2,1,0,0,0,0,80.8
2,1,0,0,0,0,89.0
4,2,0,1,0,0,123.8
1,1,0,0,0,0,72.3
4,2,230,0,0,0,53.4
1,1,0,0,0,0,41.5
4,2,0,0,0,0,92.9
4,3,0,0,0,0,82.7
1,2,0,0,1,0,32.0
4,1,0,0,0,0,14.2
2,3,194,0,0,0,95.2
1,2,82,0,1,1,14.6
4,3,0,0,0,0,81.0
4,3,0,0,0,0,81.2
1,1,0,0,1,0,141.3
4,3,0,0,0,0,78.4
1,2,0,0,0,0,37.1
2,2,277,1,0,0,157.6
1,3,0,0,0,0,60.6
2,1,0,0,0,0,63.9
1,2,0,0,0,0,27.5
3,1,0,0,0,0,61.5
4,2,0,0,0,0,20.3
2,3,0,1,0,0,139.2
3,1,0,0,0,0,61.5
4,1,0,0,1,0,38.2
3,2,0,0,0,0,58.3
1,3,0,0,0,0,43.7
3,2,161,0,0,0,75.33
2,3,0,0,0,0,24.1
2,1,0,0,0,0,123.1
2,3,0,0,0,0,62.0
1,3,185,0,0,0,52.4
2,1,184,0,0,0,92.0
2,1,381,0,0,0,118.4
1,2,0,0,0,0,37.6
1,1,0,0,0,0,40.0
2,1,0,0,0,0,81.0
3,1,270,0,0,0,98.5
4,2,0,0,0,0,24.5
1,2,0,0,1,0,53.5
1,3,166,0,0,0,40.9
2,2,98,0,0,0,96.2
4,3,402,0,0,0,109.7
4,3,102,0,0,0,65.0
4,2,215,0,0,1,77.3
2,1,0,0,1,0,110.8
3,2,251,0,0,0,78.33
1,2,121,0,0,0,18.9
2,3,0,1,0,0,136.1
3,2,0,0,0,0,62.5
2,1,0,0,0,0,100.6
4,2,0,0,0,0,38.3
1,1,81,0,0,0,43.7
3,1,216,0,0,0,57.0
2,1,0,0,0,1,217.33
2,3,0,0,0,0,61.7
2,1,0,0,0,0,125.7
1,1,0,0,0,0,41.6
3,1,0,0,1,1,11.6
3,2,0,0,0,0,50.4
2,3,0,0,0,0,36.9
1,1,0,0,0,0,65.0
1,3,94,0,0,0,17.6
1,3,0,0,0,0,53.4
1,3,0,0,0,0,57.5
2,1,187,0,0,0,41.7
3,2,0,0,0,0,43.9
2,1,0,0,0,0,109.7
1,1,0,0,0,0,61.0
2,3,148,0,0,0,43.2
1,3,0,0,0,0,67.5
3,3,172,0,0,0,61.2
1,2,0,0,0,0,33.2
1,1,0,0,0,0,88.2
1,1,96,0,0,0,11.8
3,1,292,0,0,0,88.9
4,2,0,0,1,0,63.3
2,3,400,1,0,0,174.5
2,3,0,0,1,1,80.5
1,1,0,0,0,0,46.8
4,2,0,0,0,0,18.5
1,3,330,0,1,0,88.2
2,1,0,0,0,0,116.0
1,3,0,0,0,0,20.6
2,1,0,0,0,0,41.7
4,1,0,0,0,0,36.3
3,1,0,0,0,0,58.33
4,2,0,0,0,0,32.6
1,1,345,0,0,0,142.1
1,1,0,0,0,0,169.0
3,2,0,0,0,0,54.3
1,3,0,0,0,0,37.5
2,1,126,0,0,0,68.0
3,1,0,0,0,0,50.5
3,3,0,0,1,0,62.2
2,1,92,0,0,0,120.8
2,1,0,0,0,0,13.0
4,1,102,0,0,0,11.8
2,1,102,0,0,0,50.5
1,2,294,0,0,0,76.3
1,2,170,0,0,0,88.9
1,2,0,1,0,0,178.7
3,3,0,0,0,0,60.6
3,3,428,1,0,0,117.4
3,2,0,0,0,0,37.6
4,3,0,1,0,0,114.0
4,2,253,1,0,1,119.9
1,2,0,0,0,0,22.6
1,3,255,0,0,0,60.5
3,1,106,0,0,0,66.9
2,1,0,0,1,0,120.1
4,3,0,0,0,0,51.9
2,1,0,0,0,0,130.9
1,2,0,0,0,0,57.2
3,2,200,0,0,0,44.5
4,2,0,0,0,0,73.9
4,2,78,0,0,0,22.6
3,1,0,1,0,0,121.7
3,1,0,0,0,0,45.8
1,1,140,0,0,0,144.7
1,3,0,0,0,0,30.0
3,3,0,0,0,0,35.8
4,3,0,0,0,0,76.1
2,1,0,0,0,0,92.1
1,3,0,0,0,0,81.1
1,3,0,0,0,0,21.4
4,1,0,0,0,0,77.8
3,2,0,0,0,0,72.67
3,1,0,0,0,0,68.8
1,3,0,0,0,0,23.5
2,1,0,0,0,0,107.67
1,2,167,0,0,0,50.2
1,3,0,0,0,0,40.5
1,2,0,0,0,0,24.5
4,2,194,0,0,0,39.5
3,2,113,0,1,1,50.0
2,2,0,0,0,0,18.7
2,1,258,0,1,1,90.0
4,2,0,0,0,0,87.6
3,1,0,0,1,1,21.5
1,1,0,0,0,0,117.5
4,3,0,1,0,0,89.4
4,1,0,0,0,0,17.7
1,3,120,0,0,0,30.9
3,3,0,1,0,1,179.4
2,3,0,0,0,0,18.8
1,3,0,1,0,1,81.6
4,2,0,0,1,0,88.6
2,1,134,0,0,0,55.3
1,1,0,0,0,0,82.0
2,2,0,1,0,0,91.1
3,3,0,0,0,0,12.1
4,1,0,0,0,0,87.2
2,3,0,0,0,0,33.4
4,3,0,0,0,0,10.4
4,2,0,0,0,0,78.3
1,1,0,0,0,0,39.67
2,3,0,0,0,0,89.2
3,3,0,1,0,1,90.0
4,2,0,0,0,0,79.1
2,1,0,0,0,0,57.2
3,2,0,0,0,0,38.4
3,2,0,0,0,0,21.3
2,1,79,0,1,0,31.2
1,3,0,0,0,0,26.8
2,2,0,0,0,0,34.0
3,3,351,1,0,1,146.5
2,1,0,0,0,0,181.4
4,3,84,0,0,0,38.1
2,2,0,0,0,0,86.3
2,1,0,0,0,0,123.4
2,3,0,0,0,0,22.7
4,1,0,0,0,0,22.3
2,1,0,0,0,0,137.0
4,1,427,1,0,0,170.3
4,3,153,0,0,0,40.7
1,1,160,0,0,0,158.1
3,2,0,0,0,0,27.3
4,3,194,1,0,0,185.8
2,1,106,0,0,0,41.7
4,3,0,0,0,0,77.0
3,1,312,1,0,0,174.3
3,1,0,0,0,0,81.9
1,3,0,0,0,0,51.2
3,1,0,1,0,0,136.5
4,3,0,0,0,0,40.1
4,1,189,0,0,0,61.1
2,1,0,0,1,0,88.7
1,2,0,0,0,0,43.2
1,3,0,0,0,0,28.7
2,1,0,0,0,0,91.4
3,3,132,0,0,0,67.6
2,2,0,0,0,0,80.3
2,3,0,1,0,1,173.5
2,3,0,0,0,0,12.3
1,1,178,0,0,0,72.0
3,1,0,0,0,0,52.3
1,1,0,0,0,0,99.4
2,2,157,0,0,0,42.1
1,1,0,0,1,1,39.8
2,1,246,0,0,0,185.5
4,1,0,0,0,0,61.4
2,2,99,0,1,0,8.7
4,2,0,0,0,0,37.3
3,3,0,0,0,0,69.4
1,1,79,0,0,0,76.8
2,3,119,0,1,0,46.4
4,3,294,0,0,0,79.4
2,2,83,0,0,0,13.0
1,1,0,0,0,0,159.1
2,1,0,0,0,0,52.3
2,1,0,0,0,0,90.0
4,1,0,0,0,0,62.3
3,3,0,0,0,0,62.9
2,1,0,0,0,0,106.7
2,3,0,0,0,0,35.9
1,3,0,0,0,0,63.5
4,3,0,0,0,0,37.5
2,1,0,0,0,0,167.3
2,3,0,0,0,0,57.25
2,1,0,0,0,0,41.3
2,3,0,0,0,0,23.9
1,2,166,0,0,0,50.0
1,3,0,0,0,0,64.3
3,3,0,0,0,0,59.0
4,2,0,0,0,0,20.5
2,2,0,0,0,0,20.5
4,1,0,0,0,0,29.7
4,1,0,0,1,0,69.3
3,2,135,0,0,0,24.0
1,3,0,0,0,0,77.0
1,1,0,0,0,0,18.8
1,3,0,0,0,0,22.7
4,1,0,0,0,0,39.2
1,3,0,0,0,0,21.7
4,2,0,0,1,0,69.2
1,2,0,0,0,0,54.4
3,1,0,0,0,0,72.8
1,2,110,0,0,0,38.0
1,3,0,1,0,0,153.5
4,2,0,0,0,0,80.8
3,1,0,0,0,0,97.9
1,2,0,0,1,0,59.0
3,2,0,0,0,0,50.6
4,1,0,0,1,0,10.8
4,3,0,1,0,0,174.8
2,3,0,0,0,0,69.25
4,3,0,0,0,0,82.9
3,3,0,0,1,0,46.9
2,1,0,0,0,0,120.7
2,1,0,0,0,0,167.7
2,2,0,1,0,0,135.8
4,3,0,0,1,0,7.6
4,1,0,0,0,0,58.6
3,1,0,0,0,0,46.2
2,1,0,0,0,0,90.0
4,1,0,0,0,0,75.0
1,2,0,0,0,0,57.2
2,2,0,0,0,0,39.3
3,2,0,0,0,0,39.4
2,1,146,0,0,0,80.6
1,3,196,0,0,0,51.2
4,1,0,0,0,0,24.0
1,1,353,0,0,0,135.6
1,2,0,0,0,0,52.8
1,1,0,0,0,0,78.1
3,1,0,0,1,0,70.8
4,3,0,0,0,0,29.0
3,1,0,0,0,0,56.6
3,1,0,0,0,0,19.5
3,2,104,0,0,0,64.3
3,2,161,0,0,0,39.9
4,3,121,0,0,0,51.9
4,2,180,0,0,0,82.9
2,1,0,0,0,0,127.8
4,3,0,0,1,0,17.8
1,1,0,0,0,0,33.3
4,3,0,0,0,0,83.2
1,3,0,0,0,0,21.6
4,2,0,0,0,0,62.2
1,1,0,0,0,0,192.1
4,1,89,0,0,0,37.4
2,3,0,1,0,0,140.8
2,2,322,0,0,0,94.3
3,2,131,0,0,0,21.7
2,2,0,0,0,0,80.2
4,3,0,0,0,0,51.1
4,1,87,0,0,0,9.6
1,2,125,0,0,0,73.1
4,2,122,0,0,0,22.6
1,1,0,0,0,0,130.4
1,1,0,0,0,0,125.6
4,2,131,0,0,0,84.9
2,1,308,0,0,0,165.2
4,3,0,0,0,0,81.0
2,2,0,0,0,0,50.9
1,1,0,0,1,1,113.4
1,3,0,0,0,0,78.1
1,2,0,0,0,0,30.5
3,3,0,0,0,0,60.9
3,3,0,0,0,0,68.4
2,1,0,0,0,0,19.7
2,1,0,0,0,0,134.7
4,2,0,0,0,0,61.4
1,3,118,0,0,0,83.7
2,2,0,1,1,1,173.5
4,3,0,0,0,0,78.0
1,3,0,0,0,0,52.3
2,2,75,0,0,0,70.3
3,1,0,1,0,1,117.1
2,3,0,0,0,0,90.2
2,1,0,0,0,0,141.2
2,3,0,1,0,0,161.7
4,3,149,0,0,0,27.9
1,1,0,0,0,0,184.4
3,3,0,0,0,0,21.1
4,1,0,0,0,0,73.3
4,3,0,0,0,0,68.1
1,2,0,0,0,0,10.9
3,2,0,0,0,0,58.4
1,1,0,0,0,0,40.2
4,2,0,1,0,0,106.1
4,3,0,0,0,0,21.9
2,3,183,1,0,0,131.2
2,3,86,0,0,0,29.3
4,2,0,1,0,0,140.5
4,1,0,1,0,0,138.6
2,3,209,1,0,0,140.3
1,1,0,0,0,0,42.8
4,2,0,0,0,0,46.5
4,2,182,0,0,0,74.9
2,1,0,0,0,0,42.7
3,3,0,0,0,0,58.5
3,1,0,1,0,1,149.1
1,3,0,0,0,0,74.3
1,2,0,0,0,0,72.4
2,1,278,0,0,0,86.4
1,3,0,1,0,0,87.6
1,3,0,0,1,1,10.33
1,3,0,0,0,0,21.6
2,3,220,0,0,0,48.2
1,1,342,0,0,0,136.5
2,2,0,0,0,0,96.6
2,1,199,0,0,0,79.5
4,1,81,0,0,0,9.0
4,2,103,0,0,0,106.8
4,3,0,0,0,0,43.7
2,2,0,0,0,0,91.3
3,2,216,1,1,1,85.1
3,2,132,0,0,0,38.0
1,1,89,0,0,0,20.8
3,1,0,0,0,0,30.8
1,3,0,0,0,0,30.5
4,2,0,0,0,0,49.8
1,3,0,0,0,0,12.1
2,3,76,0,1,0,20.6
4,1,189,0,0,0,48.3
4,3,0,0,0,0,80.8
4,1,0,0,0,0,72.1
3,1,0,0,0,0,88.5
3,2,0,0,0,0,81.1
4,2,0,0,0,0,86.1
3,3,0,0,0,0,58.9
2,1,0,0,0,0,135.1
1,2,0,0,0,0,27.7
3,1,0,0,0,0,48.9
1,3,241,0,0,0,56.2
2,3,125,0,0,0,19.6
2,2,0,0,0,0,41.33
2,2,0,0,0,0,102.2
1,2,98,0,0,0,8.5
3,2,0,0,0,0,37.1
1,1,0,0,1,1,86.3
2,3,0,0,0,0,20.7
3,3,0,1,0,0,169.9
1,3,105,0,0,0,28.7
4,2,0,0,0,0,42.8
3,2,0,0,0,0,29.6
4,3,0,0,1,0,38.9
2,3,248,0,0,0,82.6
3,2,223,0,0,0,57.3
1,2,0,0,0,0,7.5
3,3,0,0,1,0,38.0
2,1,0,0,0,0,195.2
1,1,0,0,0,0,43.2
1,1,0,0,1,0,107.2
2,2,148,0,0,0,81.0
1,3,0,0,0,0,80.0
2,1,202,0,0,0,112.2
1,3,227,0,0,0,58.2
1,1,0,0,0,0,51.2
2,1,0,0,0,0,130.7
1,3,0,0,0,0,90.2
2,1,0,0,0,0,90.8
2,1,0,0,0,0,124.1
3,1,0,0,1,0,73.6
2,1,464,0,0,0,153.4
3,3,0,0,0,0,57.8
1,1,509,0,1,0,156.9
4,2,0,0,0,0,38.0
1,2,0,0,0,0,67.8
3,1,0,0,0,0,73.3
3,2,93,0,0,0,53.0
1,1,0,0,0,0,141.5
1,2,0,0,0,0,22.5
1,2,0,0,0,0,9.2
2,1,0,0,1,0,134.1
4,3,0,0,0,0,60.9
4,3,0,0,0,0,53.9
3,3,0,0,0,0,61.1
1,3,0,0,0,0,80.9
3,2,0,0,0,0,58.0
1,3,0,0,0,0,66.4
2,1,0,0,0,0,75.2
2,1,157,0,0,0,157.4
3,2,0,0,0,0,45.8
3,2,0,1,0,0,147.8
2,3,251,1,0,0,154.3
1,1,0,0,0,0,50.6
4,1,0,0,0,0,17.2
4,1,0,0,0,0,40.3
2,3,0,0,0,0,17.8
2,1,0,0,1,1,39.7
4,2,0,0,1,1,43.4
1,1,87,0,0,0,10.8
2,2,0,1,0,0,188.3
2,2,0,0,0,0,105.6
4,2,0,0,0,0,11.5
3,1,94,0,0,0,17.5
1,1,0,0,0,0,143.67
4,3,0,0,0,0,87.1
2,3,0,0,1,0,79.2
4,2,0,0,0,0,77.0
4,2,0,0,0,0,98.6
1,1,0,0,0,0,147.7
1,1,0,0,0,0,134.5
3,1,0,0,0,0,49.3
2,2,86,0,0,0,78.2
2,1,0,0,1,1,131.7
4,2,162,0,0,0,32.5
3,3,0,1,1,1,188.67
3,3,217,0,0,1,59.8
2,1,243,0,0,0,169.7
2,1,0,0,0,0,141.8
1,1,131,0,0,0,19.8
4,1,0,0,0,0,39.5
1,3,0,0,0,0,27.4
1,2,0,0,0,0,93.1
2,3,0,0,0,0,95.0
1,1,124,0,0,0,33.9
2,3,205,1,0,0,186.7
2,1,173,0,0,0,39.5
1,1,481,0,0,0,142.6
2,3,146,0,0,0,91.0
4,2,0,0,0,0,81.8
4,1,140,0,0,0,69.6
1,1,0,0,0,0,121.7
1,2,133,0,0,0,70.4
2,3,0,0,0,0,19.7
4,1,281,1,0,1,128.9
3,3,0,1,0,0,81.6
2,1,0,0,0,0,130.7
3,2,80,0,0,0,96.2
2,3,0,0,1,0,52.4
3,1,0,0,0,0,39.0
4,3,0,1,0,0,122.0
3,1,308,1,0,0,129.4
1,3,0,1,0,0,185.1
4,2,0,1,0,1,163.9
3,3,111,0,0,0,13.1
1,3,0,0,0,0,90.2
1,2,0,0,0,0,76.3
4,2,0,0,0,0,76.8
4,3,119,0,0,0,60.2
2,1,0,0,1,0,94.8
4,3,0,0,0,0,58.7
1,2,0,0,0,0,73.5
4,2,0,0,0,0,84.9
1,1,0,0,0,0,138.9
1,2,112,0,0,0,32.0
2,1,0,0,0,0,42.3
4,2,151,0,1,0,30.1
4,1,111,0,0,0,12.2
4,1,0,0,0,0,50.5
1,3,102,0,0,0,41.8
4,3,139,0,0,0,99.9
2,3,0,1,1,1,136.6
4,3,0,0,0,0,9.3
1,3,0,0,0,0,42.9
2,1,306,0,1,1,152.0
2,2,0,0,0,0,11.0
1,1,139,0,0,0,57.8
1,2,0,0,0,0,90.1
2,1,0,0,0,0,79.2
4,2,0,0,0,0,44.0
2,2,0,1,0,0,178.8
2,1,0,0,0,0,120.6
1,1,0,0,0,0,36.3
2,1,0,0,1,1,89.3
2,3,0,0,0,0,51.4
3,1,83,0,1,0,42.7
1,2,0,0,1,0,59.4
1,1,0,0,0,0,172.9
2,3,577,1,0,1,179.8
3,1,136,0,0,1,32.5
3,1,0,0,0,0,21.8
2,1,0,0,0,0,96.3
3,2,193,0,0,0,43.0
4,2,0,0,0,0,97.6
1,2,0,0,0,0,30.0
4,1,0,0,0,0,56.33
2,2,0,0,0,0,24.5
3,1,0,1,0,0,134.4
1,3,0,0,0,0,28.25
1,1,0,0,0,0,34.3
4,1,0,1,1,1,134.7
4,3,79,0,0,0,73.0
2,1,0,0,0,0,55.2
2,1,0,0,0,0,39.9
2,2,196,0,0,0,40.0
3,2,0,0,0,0,53.9
4,2,84,0,0,0,17.7
4,3,0,0,1,0,72.7
2,1,0,0,0,0,82.5
4,2,0,0,0,0,41.9
2,1,319,0,0,0,145.1
2,2,0,0,1,1,24.0
4,2,103,0,0,0,18.6
1,3,0,0,0,0,17.6
4,2,0,0,0,0,12.4
1,2,0,0,0,0,38.6
1,1,0,0,0,0,134.7
3,1,131,0,0,1,59.67
3,1,130,0,0,0,49.0
3,1,272,0,0,0,68.0
1,3,0,1,0,0,142.3
4,2,138,0,0,0,43.8
4,3,0,0,0,0,51.1
1,3,0,0,0,0,62.5
4,1,0,0,0,0,38.2
3,3,0,0,1,0,35.8
3,1,0,0,0,0,82.5
3,2,0,0,0,0,58.3
1,3,127,0,0,0,21.8
1,1,330,0,0,0,119.6
4,3,0,0,0,0,71.3
1,1,0,0,0,0,115.7
1,1,0,0,1,1,38.4
4,2,0,0,0,0,59.2
2,1,0,0,0,0,109.7
4,2,0,0,0,0,77.2
4,1,0,0,0,0,57.4
2,2,103,0,0,0,24.3
4,2,0,0,0,0,24.4
4,3,0,0,0,0,13.5
1,1,0,0,0,0,18.9
1,3,0,0,0,0,58.5
1,1,0,0,0,0,20.9
1,1,0,0,0,0,42.67
3,1,0,0,0,0,40.5
1,3,207,0,1,0,50.6
1,1,0,0,0,0,112.0
1,3,0,0,0,0,33.6
2,3,245,0,0,0,81.3
4,2,137,0,0,0,23.6
2,2,0,0,0,0,69.3
2,2,0,1,0,1,178.7
4,3,102,0,0,0,74.8
2,1,0,0,0,0,150.0
2,2,0,0,0,0,73.2
4,2,0,0,0,0,18.6
4,2,0,0,0,0,29.5
3,1,0,1,1,1,169.5
2,1,220,0,0,0,63.5
1,1,97,0,0,0,7.7
2,1,0,0,0,0,90.9
4,1,198,1,0,0,143.2
1,3,272,0,0,0,81.3
1,1,0,0,0,0,144.3
4,2,100,0,0,0,8.4
2,3,422,1,0,1,160.2
3,2,100,0,1,0,39.5
1,3,0,0,0,0,51.5
2,3,301,1,0,0,160.0
1,1,0,0,0,0,135.4
1,3,0,0,0,0,17.6
4,1,0,0,1,0,11.0
2,1,0,0,0,0,137.3
2,3,0,0,0,0,23.2
2,1,0,0,0,0,58.2
2,3,0,0,0,0,49.2
1,2,0,0,0,0,42.1
4,2,110,0,0,0,48.8
2,1,116,0,0,0,32.7
2,2,0,0,0,0,32.5
2,1,0,0,0,0,61.5
2,3,0,0,0,0,22.0
2,3,0,1,0,0,100.4
3,3,0,0,0,0,74.7
2,3,0,0,0,0,73.3
4,3,83,0,0,0,58.4
1,1,169,0,0,0,46.2
2,1,0,0,0,0,70.2
2,1,82,0,0,0,133.6
3,3,117,0,0,0,58.8
3,2,0,0,0,0,76.0
3,3,0,0,0,0,39.1
1,3,0,0,0,0,43.8
2,1,0,0,0,0,42.5
2,1,0,0,0,0,17.6
4,3,174,0,0,0,50.7
3,2,0,0,0,0,10.9
3,2,0,0,0,0,37.4
1,2,0,0,1,1,26.5
2,1,88,0,0,1,34.7
3,2,171,0,0,0,79.3
2,3,205,0,0,0,89.2
1,1,0,0,0,0,111.0
1,2,0,0,0,0,77.8
4,3,0,0,0,0,28.1
4,1,0,0,0,0,38.2
3,1,0,0,0,0,68.9
3,1,79,0,0,0,28.8
4,2,0,0,0,0,51.8
3,1,0,0,0,1,57.2
1,3,0,0,0,0,98.9
3,1,0,0,0,0,48.8
3,3,0,0,1,1,52.5
2,2,0,1,0,0,105.7
3,1,302,0,0,0,78.2
1,2,0,0,0,0,87.2
2,1,124,0,0,0,17.7
3,1,0,0,0,0,70.6
3,3,91,0,0,0,58.2
2,1,0,0,0,0,39.7
1,2,0,0,0,1,39.5
1,3,0,0,0,0,50.9
2,1,0,0,0,0,123.67
2,3,0,1,0,0,139.0
4,3,0,0,0,0,34.0
2,3,0,0,0,0,27.2
1,1,256,0,0,0,154.0
2,1,0,0,0,0,192.0
4,2,0,0,0,0,47.8
3,3,0,0,0,0,47.2
1,2,0,0,0,0,77.4
1,1,0,0,0,0,48.5
3,2,0,0,0,0,20.8
2,1,0,0,1,0,142.0
4,1,0,0,0,0,63.6
1,3,0,0,0,0,88.0
1,2,0,0,0,0,71.4
1,3,0,1,0,0,178.3
4,1,0,0,0,0,79.33
4,1,0,0,0,0,42.4
2,1,0,0,1,0,81.8
1,1,328,0,0,0,132.4
1,2,0,0,0,0,21.5
4,2,0,0,0,0,23.5
3,3,178,0,1,1,35.8
2,3,0,0,0,0,80.0
3,1,108,0,0,0,32.5
4,3,147,0,0,0,39.2
4,2,0,0,1,0,88.9
1,3,153,0,0,0,86.2
2,3,0,0,0,0,7.1
1,1,0,0,0,0,83.1
3,1,0,0,0,0,51.3
3,3,0,0,0,0,19.9
1,1,0,0,0,0,8.0
4,1,0,0,0,0,24.4
1,1,0,0,0,0,112.3
4,3,0,0,0,0,40.0
4,3,0,0,0,0,46.9
4,3,0,0,0,0,11.3
3,2,0,0,0,0,47.5
4,2,0,0,0,0,29.8
4,1,77,0,0,0,31.4
4,2,0,0,0,0,39.0
3,2,0,0,0,0,24.9
1,1,0,0,0,0,28.7
4,2,0,0,0,0,48.3
3,1,0,0,0,0,78.3
1,1,0,0,0,0,106.2
2,2,129,0,1,0,38.33
1,3,0,0,0,0,17.4
1,1,0,0,0,0,47.7
4,3,0,0,0,0,39.0
2,2,92,0,0,0,18.0
1,1,131,0,0,0,33.67
2,2,0,1,0,0,129.9
2,2,0,0,0,0,18.5
4,1,0,0,0,0,80.33
3,3,0,0,0,0,36.9
3,2,0,0,0,0,37.5
1,3,0,0,0,0,60.5
3,2,0,0,0,0,83.0
4,1,0,0,0,0,13.0
4,1,0,0,0,0,62.5
1,1,405,0,0,0,120.2
1,1,0,0,1,1,19.8
3,3,0,0,0,0,32.9
3,1,0,0,0,0,77.5
2,3,0,0,0,0,34.8
3,1,0,0,1,0,73.3
2,2,0,0,0,0,31.3
4,1,241,0,0,0,72.3
2,1,0,0,0,0,40.2
1,2,0,0,0,0,16.5
4,2,0,0,0,0,26.5
1,2,0,0,0,0,61.33
2,2,192,0,0,0,43.3
3,1,0,0,1,0,108.0
3,3,179,0,0,0,70.7
2,1,0,0,1,0,77.9
2,2,0,0,0,0,29.0
2,1,0,0,0,0,81.6
3,2,270,0,0,0,99.0
2,2,0,0,0,1,12.9
3,3,0,0,0,0,57.6
2,1,0,0,0,0,62.5
2,1,0,0,1,0,183.5
2,1,148,0,0,0,27.7
2,3,76,1,0,0,115.8
1,1,0,0,0,0,125.6
3,2,97,0,1,0,18.5
4,3,0,0,1,0,42.7
3,2,0,0,1,0,46.8
2,3,249,0,0,0,94.5
1,3,0,0,0,0,92.0
4,3,0,0,0,0,79.2
2,3,264,0,0,1,72.2
2,1,0,0,0,0,186.5
2,3,0,1,0,0,114.5
2,3,0,0,0,0,40.4
2,3,0,0,0,0,78.3
4,2,0,0,0,0,88.9
1,1,81,0,0,0,40.8
2,1,0,0,0,0,95.7
1,3,0,0,0,0,57.5
3,3,0,0,0,0,68.7
1,1,0,1,0,0,79.9
3,2,0,0,0,0,46.6
1,3,571,1,0,1,176.4
3,3,0,0,0,0,58.8
4,3,0,0,0,0,58.8
4,3,0,0,0,0,82.9
1,3,0,0,0,0,12.5
3,2,0,1,0,0,150.4
3,2,0,0,0,0,43.0
3,3,154,0,0,0,52.2
1,2,0,1,0,0,128.0
3,3,78,0,0,0,30.1
4,2,0,0,0,0,98.8
3,1,0,0,0,0,58.2
3,2,0,0,0,0,65.4
4,1,0,0,0,0,20.2
2,1,0,0,0,0,148.6
1,3,0,0,0,0,73.6
1,3,0,0,0,0,52.5
2,1,226,0,0,0,77.3
1,1,0,0,0,0,170.4
2,2,0,1,0,0,77.6
1,2,0,0,0,0,40.8
2,1,0,0,0,0,192.33
1,2,0,0,0,0,17.5
1,3,0,0,0,0,27.7
4,3,143,0,0,0,77.4
1,2,104,0,0,0,75.4
2,2,0,0,0,0,51.0
2,2,0,0,0,0,17.7
4,1,218,0,0,0,50.3
4,3,102,0,0,0,14.3
4,3,0,0,0,0,83.3
1,3,0,0,0,0,113.2
3,3,0,0,0,0,40.5
3,1,126,0,0,0,28.1
1,1,96,0,0,0,22.9
1,1,0,0,0,0,81.6
3,1,0,0,1,1,58.3
3,2,0,0,0,0,12.33
2,3,0,0,0,0,44.4
1,1,0,0,0,0,80.2
4,2,81,1,0,0,97.3
4,3,169,0,0,0,55.7
1,2,307,1,0,0,132.3
3,2,0,1,0,0,127.1
2,1,0,0,0,1,144.7
1,2,0,0,0,0,91.8
4,2,120,1,0,1,135.8
4,1,0,0,0,0,61.3
1,1,0,0,0,0,48.5
1,3,0,0,0,0,28.4
2,1,293,0,1,1,82.5
4,1,0,0,0,0,77.6
4,3,0,0,0,0,83.1
2,2,0,0,0,0,87.3
3,3,0,0,0,0,32.1
1,3,0,0,0,0,39.9
4,1,124,0,0,0,29.3
4,2,0,1,0,0,136.4
4,1,0,0,0,0,34.2
1,2,0,0,0,0,21.9
1,1,84,0,0,0,43.3
2,1,0,0,0,0,115.7
4,1,0,0,0,0,41.7
3,2,0,0,0,0,74.1
1,1,0,0,0,0,116.7
1,3,0,0,0,0,62.2
2,1,0,0,0,0,56.3
3,1,0,1,0,0,176.0
2,1,0,0,0,0,148.5
3,2,0,0,0,0,66.33
2,2,581,1,0,0,181.0
3,2,0,0,1,0,37.4
2,2,0,0,0,0,8.7
4,3,0,0,0,0,66.9
1,1,0,0,0,0,192.67
1,1,0,0,0,0,37.2
1,1,0,0,1,0,124.0
2,2,0,0,0,0,57.1
1,1,200,0,0,0,113.1
4,2,0,0,0,0,82.9
2,1,0,0,0,0,61.8
3,1,124,0,0,0,69.7
1,3,0,0,0,0,70.4
3,3,221,0,0,0,62.5
4,2,0,0,0,0,62.2
1,1,0,0,0,0,192.3
1,3,0,0,0,1,100.0
1,1,550,0,0,0,178.3
2,2,88,0,0,0,17.0
1,3,328,0,1,1,90.2
1,1,137,0,0,0,30.67
3,1,0,0,1,0,65.9
2,3,0,0,0,0,36.4
1,2,283,0,0,0,112.3
2,1,0,0,0,0,153.8
2,1,94,0,0,0,151.2
4,1,0,0,0,0,68.0
3,3,0,0,0,0,43.0
2,1,0,0,0,0,148.6
1,1,0,0,0,0,100.4
4,2,0,0,0,0,39.7
2,1,0,0,0,0,110.2
4,2,0,0,0,0,46.7
4,2,0,0,0,0,67.2
4,2,164,0,0,0,41.9
1,3,0,0,0,0,18.7
3,3,0,0,0,0,62.9
3,2,0,0,0,0,31.6
1,1,0,0,0,0,19.7
2,3,0,0,0,0,24.2
1,1,0,0,0,0,67.2
4,3,0,0,0,0,67.7
3,2,167,0,0,0,101.0
3,1,400,1,0,0,160.6
2,1,153,0,0,0,58.2
1,1,0,0,0,0,164.0
1,1,0,0,0,0,46.2
2,3,0,1,1,0,105.25
3,3,0,0,0,0,60.0
3,2,0,0,0,0,100.3
3,1,0,1,0,1,140.3
2,1,0,0,0,0,7.0
2,1,0,0,1,0,89.4
3,1,0,0,0,0,9.5
2,2,119,0,0,0,33.3
3,3,0,0,0,0,70.7
3,1,0,0,0,0,56.6
2,3,0,0,0,0,13.1
2,1,0,0,0,0,121.8
3,1,307,0,1,1,79.5
1,3,150,0,0,0,34.5
2,1,75,0,1,0,81.6
1,1,0,0,0,0,119.5
3,1,0,0,1,0,34.0
4,3,0,1,0,1,133.4
1,3,0,0,1,0,85.2
2,1,0,0,1,0,68.9
1,3,0,0,0,0,61.5
1,1,0,0,0,0,121.5
4,1,0,0,0,0,20.0
2,1,0,0,0,0,73.2
1,1,0,0,1,0,36.67
4,1,0,0,0,0,55.33
3,2,0,0,0,0,30.6
4,3,0,0,0,0,16.5
1,2,159,0,0,0,27.5
2,3,0,0,0,0,27.6
3,1,247,0,0,0,68.9
1,1,0,0,0,0,116.1
1,3,147,0,0,0,62.2
4,2,323,0,0,0,81.8
3,2,0,0,0,0,64.3
3,2,0,0,0,0,83.2
3,1,153,0,0,0,42.5
1,1,0,0,0,0,169.3
1,1,0,0,0,0,175.1
4,1,0,0,0,0,52.5
4,2,90,0,0,0,24.1
1,1,0,0,0,0,20.8
3,3,0,0,0,0,71.7
1,1,0,0,0,0,128.7
1,3,0,0,0,0,17.6
4,2,0,0,0,0,89.6
1,3,144,0,0,0,37.5
3,1,0,0,0,0,20.0
1,3,0,0,0,0,36.9
1,1,0,0,0,0,152.3
1,1,207,0,0,0,173.9
1,2,0,0,1,1,84.8
2,1,161,0,0,0,91.4
2,1,0,0,0,0,145.0
4,2,236,0,1,0,75.8
1,1,0,0,0,0,133.5
1,1,116,0,0,0,39.7
4,2,0,0,0,0,79.9
2,1,0,0,0,0,18.0
2,2,0,0,0,0,73.3
4,3,232,0,0,0,92.2
1,2,0,1,0,0,172.5
4,2,0,0,0,0,87.0
1,1,263,0,0,0,77.7
3,1,0,0,0,0,51.9
3,1,101,0,1,0,44.1
1,2,0,0,0,0,37.0
4,1,116,0,0,0,19.0
4,3,0,0,0,0,91.2
3,3,0,0,0,0,83.8
3,1,0,0,0,0,94.2
2,2,0,0,0,0,46.1
1,3,0,0,0,0,20.8
1,3,171,0,0,0,32.25
2,3,156,0,0,0,37.9
4,2,78,0,0,0,29.6
4,1,0,0,0,0,21.2
1,3,0,0,0,0,19.4
3,2,0,0,0,0,46.5
3,2,0,0,1,0,24.9
2,1,0,0,0,0,142.8
4,1,0,0,0,0,31.7
2,1,0,0,0,0,8.8
2,3,0,0,1,0,22.1
4,1,0,0,0,0,17.0
3,2,121,0,0,0,41.4
1,1,153,0,0,0,37.0
4,2,0,0,0,0,82.4
3,3,150,1,0,0,97.2
4,1,0,0,0,0,42.6
4,1,130,0,0,0,27.0
2,1,155,0,0,0,56.5
4,3,146,0,0,0,27.5
2,1,101,0,0,0,37.7
4,3,0,0,1,0,40.7
4,1,0,0,0,0,23.0
3,3,0,0,0,0,61.7
4,1,142,0,0,0,32.7
1,1,135,0,0,0,70.5
2,1,121,0,0,0,88.0
3,1,0,0,0,0,55.2
2,3,0,0,0,0,45.9
1,2,0,0,0,0,37.2
1,1,249,0,0,0,155.7
3,1,0,0,0,0,37.5
1,1,0,0,0,0,51.0
3,2,0,0,0,0,31.5
3,2,0,0,0,0,31.4
2,1,96,0,0,0,10.7
2,3,0,1,0,0,120.0
4,3,612,1,0,0,181.8
3,2,142,0,0,0,59.3
3,3,0,0,0,0,38.8
2,1,0,0,0,0,97.6
3,2,0,0,0,0,80.0
2,1,0,0,0,0,130.7
2,2,0,0,0,0,83.3
3,1,179,0,0,0,40.1
1,3,0,0,1,1,43.7
1,1,0,0,0,0,61.9
1,1,0,0,0,0,144.3
2,3,0,1,1,1,110.8
3,1,0,0,0,0,24.0
2,1,0,0,0,0,82.4
2,3,225,0,0,0,81.0
1,1,230,0,0,0,176.7
1,3,0,0,0,0,60.2
1,3,80,0,0,0,10.5
4,3,217,0,0,0,57.9
1,3,144,0,0,0,39.9
4,2,0,0,0,0,80.8
1,1,0,0,0,0,108.4
1,1,217,0,0,0,69.7
2,1,113,0,0,0,24.6
3,3,218,0,0,0,70.6
2,1,0,0,0,0,183.0
4,1,0,0,0,0,41.5
4,1,0,0,0,0,51.8
4,2,0,0,0,0,17.6
4,1,135,0,0,0,39.6
3,2,590,1,0,0,169.4
4,2,0,0,0,0,38.5
2,1,313,0,0,0,78.5
1,1,0,0,0,0,123.3
3,2,0,1,0,0,130.2
2,2,260,0,0,0,62.6
2,1,119,0,0,0,144.5
2,3,0,0,0,0,64.0
1,1,0,0,1,0,116.1
2,1,0,0,0,0,123.7
4,3,0,0,1,0,31.5
1,1,0,0,0,0,40.8
1,1,0,0,0,0,100.3
2,1,0,0,0,0,127.3
4,3,0,0,0,0,78.7
1,2,0,0,0,0,114.2
2,3,0,0,0,0,61.2
1,3,541,1,0,0,158.0
3,2,128,0,0,0,33.4
1,3,121,0,0,0,17.6
1,1,0,0,0,0,43.7
1,2,142,0,0,0,24.2
2,3,0,0,0,0,49.8
4,2,342,1,0,0,131.6
2,1,0,0,0,0,67.8
4,3,0,0,0,0,60.8
2,3,118,0,0,0,58.8
3,3,0,0,0,0,32.9
2,2,0,0,0,0,26.0
4,1,187,0,0,0,51.1
3,2,0,0,0,0,68.3
2,1,0,0,0,0,159.0
3,3,0,0,0,0,74.7
3,1,0,0,0,0,52.5
1,3,0,1,0,0,140.5
4,3,0,0,0,0,52.9
1,1,0,0,0,0,40.0
4,1,98,0,0,0,41.3
3,1,0,0,0,0,76.33
2,3,140,0,0,0,23.8
3,1,0,0,1,1,70.67
3,3,0,1,0,1,124.9
3,3,0,0,0,0,47.8
2,1,0,0,0,0,27.2
4,3,0,0,0,0,62.2
3,3,0,0,0,1,48.1
1,1,158,0,0,0,115.6
3,3,0,0,0,0,56.0
3,3,0,0,0,0,49.6
4,1,0,0,1,1,60.1
1,3,120,0,1,0,34.7
3,3,0,0,1,1,37.0
1,3,0,0,1,0,72.6
2,1,0,0,0,0,198.2
2,1,0,0,0,0,80.6
1,1,0,0,0,0,41.6
1,3,96,0,0,0,17.6
4,3,299,0,0,0,83.7
4,1,0,0,0,0,71.8
3,2,0,0,0,0,52.9
2,1,0,0,0,0,55.5
2,2,119,0,0,0,17.9
1,1,243,0,0,0,84.2
3,1,89,0,0,0,18.5
1,3,128,0,0,0,46.8
3,2,0,0,0,0,100.4
2,1,0,0,0,0,131.9
2,2,0,0,0,0,24.9
1,1,0,0,0,0,120.0
2,1,0,0,0,0,145.5
1,2,94,0,1,0,26.7
1,3,0,0,0,0,107.1
1,1,0,0,0,0,92.0
1,2,0,0,0,0,46.7
2,1,0,0,0,0,122.4
4,2,82,0,1,0,31.8
2,2,110,0,0,0,41.3
3,1,0,0,0,0,65.0
4,3,91,0,0,0,26.5
3,3,0,0,0,0,41.5
1,1,0,0,0,0,27.7
3,1,0,0,0,0,70.0
2,1,0,0,0,0,86.3
4,2,0,0,0,0,78.6
2,2,0,0,0,0,81.3
1,2,0,1,0,1,120.3
1,3,98,0,0,0,26.8
2,1,0,0,0,0,38.7
3,2,109,0,0,0,108.2
1,3,0,0,0,0,53.6
1,1,0,0,0,0,106.7
1,1,0,0,0,0,89.3
2,3,0,0,0,0,83.4
2,1,0,0,0,0,79.6
3,3,0,0,0,0,93.5
1,1,0,0,0,1,153.4
4,3,0,0,0,0,78.3
3,2,116,0,0,0,68.0
3,1,0,0,0,0,18.5
2,2,0,1,0,0,110.4
1,1,308,0,0,1,106.6
1,2,0,0,0,0,11.9
3,2,0,0,0,0,31.3
2,1,106,0,0,0,47.3
1,2,0,0,0,0,40.7
2,1,108,0,0,0,40.7
1,1,0,0,0,0,42.3
4,1,249,0,0,0,64.0
1,1,0,0,0,0,18.0
1,3,0,0,0,0,62.8
4,3,0,0,0,0,51.2
3,1,75,0,0,0,30.5
3,1,0,0,0,0,20.5
2,3,0,0,0,0,38.3
4,3,0,0,1,0,58.8
2,3,0,0,0,0,48.25
1,3,0,0,0,0,18.1
1,2,197,0,1,0,53.4
1,3,0,0,0,0,78.0
3,3,0,0,0,0,106.8
3,3,0,1,0,1,119.0
2,3,306,0,0,0,93.5
1,1,0,0,0,0,105.1
1,2,78,0,0,0,31.2
1,1,143,0,0,0,33.3
1,2,0,0,0,0,68.9
4,1,0,0,0,0,38.5
2,3,250,0,0,0,59.6
2,2,0,0,0,0,93.3
1,3,0,0,1,0,71.6
3,3,148,0,0,0,38.8
4,3,0,0,0,0,64.0
4,2,0,0,0,0,62.3
4,2,0,0,0,0,28.0
1,2,0,0,0,0,29.2
3,3,0,0,0,0,53.2
4,3,0,0,0,0,61.0
1,2,213,0,0,0,89.4
3,1,0,1,0,1,129.7
2,1,122,0,0,0,192.0
4,1,0,0,0,0,44.8
1,1,0,0,0,0,69.1
4,3,0,0,0,0,95.7
3,2,162,0,0,0,28.3
1,3,0,0,0,0,75.1
3,2,159,0,0,0,41.3
1,1,136,0,0,0,82.5
1,3,0,0,0,0,37.0
4,3,219,0,0,0,56.0
1,2,100,0,0,0,90.1
4,3,0,0,0,0,12.5
2,1,0,0,0,0,211.33
3,3,0,0,0,0,73.0
1,3,0,0,0,0,38.1
4,1,85,0,0,0,14.6
2,3,0,0,0,0,23.7
3,2,0,0,0,0,48.5
3,1,0,0,0,0,82.2
