Income,Family,CCAvg,Education,Mortgage,Personal Loan,Securities Account,CD Account
49,4,1.6,1,0,0,1,0
34,3,1.5,1,0,0,1,0
11,1,1.0,1,0,0,0,0
100,1,2.7,2,0,0,0,0
45,4,1.0,2,0,0,0,0
29,4,0.4,2,155,0,0,0
72,2,1.5,2,0,0,0,0
22,1,0.3,3,0,0,0,0
81,3,0.6,2,104,0,0,0
180,1,8.9,3,0,1,0,0
105,4,2.4,3,0,0,0,0
45,3,0.1,2,0,0,0,0
114,2,3.8,3,0,0,1,0
40,4,2.5,2,0,0,0,0
112,1,2.0,1,0,0,1,0
22,1,1.5,3,0,0,0,0
130,4,4.7,3,134,1,0,0
81,4,2.4,1,0,0,0,0
193,2,8.1,3,0,1,0,0
21,1,0.5,2,0,0,1,0
25,4,0.9,2,111,0,0,0
63,3,2.0,3,0,0,0,0
62,1,1.2,1,260,0,0,0
43,2,0.7,1,163,0,1,0
152,2,3.9,1,159,0,0,0
29,3,0.5,1,97,0,0,0
83,4,0.2,3,0,0,0,0
158,1,2.4,1,0,0,0,0
48,1,2.2,3,0,0,0,0
119,1,3.3,2,0,1,0,1
35,1,1.2,3,122,0,0,0
29,1,2.0,2,0,0,0,0
41,2,0.6,3,193,0,0,0
18,3,0.9,3,0,0,0,0
50,4,1.8,3,0,0,0,0
81,3,0.7,1,0,0,0,0
121,1,2.9,1,0,0,0,0
71,1,1.4,3,198,0,0,0
141,3,5.0,3,0,1,1,1
80,4,0.7,3,285,0,0,0
84,3,1.6,3,0,0,1,0
60,3,2.3,1,0,0,0,0
132,4,1.1,2,412,1,0,0
45,1,0.7,1,0,0,0,0
104,1,5.7,1,0,0,0,0
52,4,2.5,1,0,0,0,0
43,3,0.7,2,153,0,0,0
194,4,0.2,3,211,1,1,1
81,2,4.5,3,0,0,0,0
49,1,1.8,1,0,0,0,0
8,4,0.7,2,0,0,1,0
131,1,2.9,1,0,0,0,0
72,1,0.1,1,207,0,0,0
190,3,2.1,3,240,1,0,0
44,1,0.2,3,0,0,0,0
139,2,8.0,1,0,0,0,0
29,3,0.1,2,0,0,1,1
131,2,1.2,3,0,1,0,0
93,2,0.2,1,0,0,0,0
188,2,4.5,1,455,0,0,0
39,3,1.7,2,0,0,1,0
125,1,5.7,1,112,0,1,0
22,1,1.0,1,0,0,0,0
32,4,0.0,2,0,0,0,0
105,2,3.3,1,0,0,0,0
131,1,3.8,1,0,0,0,0
105,2,2.8,1,336,0,0,0
45,4,2.0,3,132,0,1,0
60,3,2.1,1,0,0,0,0
20,4,0.2,1,0,0,0,0
115,1,3.5,1,0,0,0,0
69,4,1.0,2,0,0,0,0
130,1,5.0,1,0,0,0,0
85,1,4.0,3,0,0,0,0
135,2,3.3,1,0,0,0,0
135,4,3.8,2,0,1,0,1
12,3,0.3,3,0,0,0,0
29,3,0.5,2,0,0,0,0
133,2,2.6,3,0,1,0,0
19,2,0.4,1,118,0,0,0
41,4,1.3,1,174,0,0,0
40,3,2.7,2,0,0,0,0
82,1,4.0,3,0,0,0,0
50,1,2.4,2,0,0,0,0
18,1,0.9,3,0,0,0,0
109,4,1.8,3,0,0,0,0
42,4,2.2,2,126,0,0,0
78,3,1.1,1,0,0,0,0
51,2,1.1,1,0,0,0,0
113,4,2.3,3,0,0,0,0
118,4,5.6,2,0,1,0,0
29,4,1.1,3,0,0,0,0
34,3,0.6,2,0,0,0,0
64,2,1.7,3,236,0,1,0
121,1,2.0,1,0,0,0,0
48,4,0.2,3,0,0,0,0
80,1,5.2,1,0,0,0,0
161,1,2.9,1,0,0,0,0
94,1,0.3,1,0,0,0,0
15,3,0.1,3,0,0,0,0
74,1,1.2,1,0,0,0,0
30,3,1.3,2,0,0,0,0
44,3,1.0,3,198,0,0,0
22,2,0.3,2,0,0,0,0
38,4,1.3,1,166,0,0,0
35,3,0.1,2,0,0,1,0
69,4,2.9,1,0,0,0,0
43,1,0.7,1,136,0,0,0
32,1,0.6,3,166,0,0,0
49,1,2.8,1,0,0,0,0
9,3,1.0,2,0,0,0,0
45,4,1.3,2,0,0,0,0
82,3,1.0,1,309,0,0,0
92,2,2.8,1,103,0,0,0
39,3,0.5,3,0,0,0,0
81,3,1.8,2,0,0,0,0
35,1,1.5,2,0,0,0,0
61,2,2.3,3,193,0,0,0
73,3,3.0,1,0,0,0,0
112,1,4.6,1,366,0,0,0
12,2,0.2,3,0,0,0,0
38,3,0.9,3,0,0,0,0
73,2,0.7,2,0,0,0,0
84,1,3.6,2,0,0,1,0
78,4,2.4,1,118,0,0,0
80,3,0.5,1,0,0,0,0
115,2,1.3,1,101,0,0,0
82,1,2.7,2,251,0,0,0
74,2,0.0,1,0,0,1,0
70,3,0.5,3,0,0,0,0
81,3,1.5,1,276,0,0,0
149,4,7.2,2,0,1,0,1
51,2,1.75,3,0,0,0,0
39,3,1.1,2,0,0,0,0
98,3,1.8,2,0,0,0,0
45,4,2.1,1,0,0,0,0
49,4,2.5,2,0,0,0,0
128,2,0.4,1,0,0,0,0
42,3,1.5,1,0,0,1,1
18,1,1.2,3,0,0,0,0
31,2,0.4,3,161,0,0,0
58,3,2.0,1,149,0,0,0
48,1,2.1,3,0,0,0,0
54,4,1.6,1,0,0,0,0
70,2,1.5,2,0,0,0,0
124,1,7.4,1,0,0,0,0
84,1,2.67,2,0,0,0,0
83,4,3.6,3,188,0,0,0
163,2,0.4,1,116,0,0,0
42,3,2.2,2,0,0,0,0
118,2,7.5,1,0,0,0,1
132,3,6.5,3,0,1,0,0
24,1,1.3,1,0,0,0,0
22,2,1.0,1,0,0,1,1
58,4,1.3,3,0,0,0,0
60,4,1.6,1,0,0,0,0
15,4,0.4,1,0,0,0,0
83,4,2.67,1,0,0,0,0
79,2,1.5,3,0,0,0,0
41,4,1.7,2,0,0,1,0
134,4,6.5,3,0,1,0,0
80,2,2.8,1,0,0,0,0
52,1,2.0,1,0,0,0,0
70,4,2.6,1,0,0,0,0
92,2,1.1,1,0,0,1,0
43,1,1.5,1,0,0,0,0
21,3,1.0,2,0,0,0,0
23,3,0.9,3,0,0,0,0
13,4,1.0,1,0,0,0,0
112,4,2.1,3,0,0,0,0
138,2,2.0,1,0,0,0,0
11,3,0.4,1,0,0,1,0
171,2,7.8,1,0,0,0,0
42,4,1.5,1,0,0,0,0
168,2,7.9,2,0,1,0,0
85,4,1.1,2,0,0,1,0
44,3,1.0,2,135,0,0,0
65,4,1.8,2,244,0,0,0
24,4,0.2,1,0,0,0,0
11,1,0.1,1,0,0,0,0
38,2,1.0,3,164,0,0,0
10,4,0.7,2,81,0,0,0
135,1,1.5,1,0,0,0,0
148,3,4.1,1,0,1,0,0
63,2,1.5,2,0,0,1,0
115,1,1.0,3,0,0,0,0
45,1,0.3,1,0,0,0,0
159,3,1.9,3,315,1,0,0
169,2,2.1,1,122,0,0,0
112,2,1.4,1,0,0,0,0
93,1,4.3,1,0,0,0,0
29,1,0.3,3,140,0,0,0
85,1,2.67,2,0,0,0,0
21,4,0.6,1,0,0,0,0
144,2,6.8,1,0,0,0,0
13,4,1.0,1,95,0,1,0
165,1,5.0,1,0,0,0,0
9,4,0.7,1,89,0,0,0
59,4,0.0,1,90,0,1,0
158,1,5.1,3,0,1,0,1
29,1,1.9,3,0,0,0,0
20,2,1.4,3,0,0,0,0
68,4,2.0,2,0,0,0,0
65,4,2.2,1,0,0,0,0
61,2,1.9,2,105,0,0,0
91,4,1.4,2,100,0,0,0
31,1,1.0,1,0,0,1,0
71,4,0.1,2,0,0,0,0
73,4,2.67,1,0,0,0,0
172,4,3.1,1,282,1,0,1
20,2,0.0,1,0,0,0,0
55,1,0.2,1,0,0,0,0
69,2,1.7,1,209,0,0,0
155,1,7.4,1,0,0,0,0
94,1,1.9,2,0,0,0,0
92,2,0.0,1,249,0,0,0
125,2,0.6,1,0,0,0,0
74,3,3.0,1,0,0,0,0
72,3,0.3,3,0,0,0,0
61,1,2.2,3,0,0,0,0
25,2,0.3,1,0,0,0,0
83,2,1.7,2,0,0,0,0
104,3,2.5,1,0,0,0,0
41,3,1.0,3,0,0,0,0
58,4,1.8,3,91,0,0,0
93,1,1.5,3,0,0,0,0
39,2,1.7,2,0,0,0,0
148,2,7.5,1,0,0,0,1
53,4,1.9,3,98,0,1,1
71,2,1.7,1,145,0,0,0
92,1,2.8,2,0,0,0,0
61,4,2.1,3,0,0,0,0
38,3,2.5,2,135,0,0,0
58,4,1.7,1,0,0,0,0
80,1,0.8,2,150,0,0,0
71,4,1.8,3,0,0,0,0
89,3,0.5,3,0,0,0,0
83,1,1.8,3,0,0,0,0
28,3,0.2,1,0,0,0,0
52,4,1.7,2,0,0,0,0
70,1,1.2,1,169,0,0,0
71,1,1.4,3,0,0,0,0
75,1,3.7,3,280,0,0,0
170,3,7.9,3,99,1,0,1
78,4,0.8,1,78,0,0,0
25,2,1.0,2,0,0,0,0
60,2,0.6,3,0,0,0,0
120,4,2.7,2,111,1,1,1
99,2,1.4,1,264,0,0,0
55,3,2.6,3,113,0,0,0
29,3,1.0,2,117,0,0,0
170,2,6.2,2,325,1,0,0
53,3,2.2,1,0,0,0,0
138,1,0.0,1,0,0,0,0
134,3,3.9,3,121,1,0,0
42,2,0.7,3,138,0,0,0
99,4,2.3,3,0,0,0,0
18,3,0.5,1,0,0,0,0
24,4,0.3,1,0,0,0,0
55,1,1.4,1,77,0,0,0
58,1,0.0,1,0,0,0,0
111,2,1.2,3,251,1,0,0
33,1,0.3,3,0,0,0,1
74,4,1.8,2,112,0,0,0
38,2,0.7,1,0,0,0,0
23,4,0.6,3,98,0,1,0
61,2,1.5,1,0,0,0,0
81,1,2.9,1,138,0,0,0
129,1,2.5,1,0,0,0,0
33,1,0.75,3,0,0,0,0
63,4,2.2,1,0,0,0,0
70,4,1.4,2,0,0,0,0
45,4,0.2,1,158,0,0,0
65,3,0.5,3,0,0,0,0
74,4,2.2,1,0,0,1,0
50,4,1.8,3,0,0,1,0
22,4,0.5,3,109,0,0,0
30,4,1.0,3,0,0,0,0
21,4,1.0,1,0,0,0,0
155,2,3.9,1,0,0,0,0
64,4,2.1,3,164,0,0,0
65,4,2.6,3,0,0,0,0
71,4,0.7,3,0,0,0,0
40,3,0.5,2,0,0,1,0
69,3,0.5,3,0,0,0,0
69,3,2.33,2,0,0,0,0
45,3,0.6,2,131,0,0,0
62,3,0.7,2,0,0,0,0
172,2,4.3,3,391,1,1,1
24,3,1.0,2,0,0,0,0
80,1,4.9,1,0,0,0,0
8,3,0.67,2,88,0,0,0
38,4,0.8,1,129,0,0,0
93,4,2.6,3,0,0,0,0
55,1,2.0,1,0,0,0,0
64,2,1.7,3,0,0,0,0
122,1,0.0,1,0,0,0,0
70,3,1.4,3,0,0,0,0
81,2,3.2,1,0,0,0,0
159,1,5.5,3,0,1,0,1
70,4,1.3,1,0,0,1,0
150,2,6.9,1,196,0,0,0
152,2,7.5,1,0,0,0,0
195,4,3.0,1,617,1,0,0
22,1,0.1,1,0,0,0,0
22,1,1.3,1,123,0,0,0
79,3,0.8,1,0,0,0,0
33,1,1.4,3,0,0,0,0
128,2,4.33,1,0,0,0,1
91,1,3.8,1,0,0,1,0
39,4,0.9,1,0,0,0,0
121,1,7.3,1,167,0,0,0
21,1,0.67,3,0,0,1,0
41,3,2.3,1,0,0,0,0
45,2,0.7,3,0,0,0,0
51,3,0.3,3,0,0,0,0
165,1,1.6,2,0,1,0,0
119,2,4.2,2,0,1,0,0
110,4,1.8,3,190,0,0,0
20,3,0.7,2,0,0,0,0
64,1,0.8,2,248,0,0,0
101,3,4.4,2,82,1,0,0
101,1,3.9,1,0,1,1,1
99,1,4.4,1,0,1,0,0
158,4,6.1,1,0,1,0,0
89,1,1.9,2,0,0,0,0
80,1,1.3,3,0,0,0,1
114,2,2.0,1,402,0,0,0
49,3,0.5,2,0,0,0,0
191,1,6.33,1,0,0,0,0
78,4,1.0,2,0,0,0,0
28,3,1.0,1,0,0,0,0
42,1,0.8,2,0,0,0,0
140,1,2.5,1,0,0,0,0
45,1,1.3,2,0,0,0,0
122,2,0.3,1,360,0,0,1
65,3,2.6,2,0,0,0,0
68,1,1.4,3,0,0,0,0
153,2,2.0,1,392,0,0,0
89,4,1.4,2,0,0,0,0
91,1,2.6,1,0,0,0,0
55,4,2.0,2,185,0,0,0
118,2,3.3,1,0,0,0,0
22,1,0.67,3,103,0,0,0
63,3,1.4,3,138,0,0,0
12,4,0.5,2,78,0,1,0
50,3,2.7,2,0,0,0,0
43,2,1.6,3,0,0,1,1
173,4,6.6,1,0,1,0,1
60,2,3.0,1,132,1,0,0
113,1,1.0,3,0,0,1,0
155,4,5.3,2,0,1,0,0
91,4,1.0,2,0,0,0,0
55,4,1.1,2,0,0,0,0
173,2,1.4,1,419,0,0,0
71,3,0.3,3,0,0,0,0
24,2,0.4,3,88,0,0,0
42,1,2.0,2,81,0,0,0
141,2,4.33,1,0,0,0,0
32,1,1.9,3,0,0,0,0
55,4,1.3,1,0,0,0,0
153,2,7.5,1,0,0,0,0
113,2,1.4,1,270,0,0,0
30,2,1.7,2,0,0,0,0
29,3,1.0,3,148,0,0,0
174,1,6.8,2,466,1,0,0
35,1,0.3,3,0,0,0,0
98,2,2.0,2,175,0,0,0
30,2,1.0,3,159,0,0,0
58,2,2.5,1,0,0,0,0
25,4,1.0,1,147,0,0,0
19,4,0.7,1,0,0,0,0
44,4,0.7,2,174,0,0,0
20,4,1.0,1,111,0,0,0
98,2,3.1,1,220,0,0,0
90,3,1.6,1,0,0,0,0
61,3,0.7,1,0,0,0,0
40,4,2.0,2,0,0,0,0
38,2,2.1,3,0,0,0,0
28,2,1.7,2,0,0,0,0
34,1,1.5,3,0,0,0,0
73,2,2.3,3,0,0,0,0
133,4,2.0,1,0,1,0,0
53,1,0.2,1,0,0,0,0
21,4,0.6,3,0,0,0,0
40,3,0.9,1,0,0,0,0
41,4,1.7,2,0,0,0,0
82,4,1.8,2,0,0,0,0
100,4,3.4,3,0,1,0,0
155,1,7.0,1,0,0,0,0
45,1,0.2,1,0,0,0,0
9,3,0.3,3,0,0,0,0
48,4,1.8,3,0,0,0,0
18,4,0.1,3,109,0,1,1
80,4,3.4,1,0,0,0,0
64,2,2.8,1,0,0,0,0
29,4,0.1,1,0,0,0,0
48,3,0.7,2,0,0,0,0
23,2,0.4,1,0,0,0,0
84,4,0.2,1,0,0,0,0
179,3,6.6,1,0,1,0,0
30,4,1.5,2,112,0,0,0
93,1,4.9,1,133,0,0,1
39,2,1.9,2,0,0,0,0
60,3,0.5,2,182,0,0,0
133,1,3.8,1,290,0,1,1
125,1,2.4,1,0,0,0,0
58,1,1.8,3,0,0,0,0
89,2,2.8,1,0,0,0,0
82,1,2.67,2,125,0,0,0
110,2,3.3,1,0,0,0,0
54,4,2.3,3,0,0,1,0
89,4,1.9,3,0,0,0,0
42,3,2.3,1,0,0,0,0
41,3,1.9,2,0,0,0,0
38,4,1.0,2,124,0,0,0
85,2,0.4,1,0,0,0,0
83,4,1.0,2,0,0,0,0
33,4,1.0,3,0,0,0,0
50,4,2.1,1,0,0,0,0
58,4,3.6,3,0,0,0,0
115,4,3.1,2,0,1,0,0
145,2,6.3,1,0,0,1,1
161,2,7.5,1,0,0,0,0
38,1,0.2,1,0,0,0,0
28,4,0.8,1,0,0,0,0
75,3,2.33,1,0,0,0,0
35,3,1.3,1,116,0,0,0
24,2,1.0,1,116,0,0,0
78,4,0.1,2,0,0,0,0
113,1,1.3,3,161,0,0,0
75,3,2.1,1,224,0,0,0
91,1,5.7,1,0,0,0,0
31,4,0.2,1,141,0,0,0
45,1,1.8,2,0,0,0,0
80,3,0.8,1,0,0,0,0
50,3,1.4,3,112,0,0,0
31,4,1.0,2,0,0,1,0
113,2,3.8,2,119,1,0,1
29,4,0.6,1,0,0,0,0
59,2,1.5,1,139,0,0,0
43,1,1.3,2,0,0,1,0
122,1,3.0,3,115,1,0,0
29,1,1.0,1,0,0,0,0
91,2,0.0,3,0,0,0,0
65,3,2.2,3,0,0,0,0
22,1,1.0,1,0,0,0,0
71,1,1.4,3,0,0,0,0
60,4,2.0,2,0,0,0,0
60,3,2.0,3,0,0,0,0
69,1,0.3,1,0,0,0,0
48,2,1.75,3,89,0,0,0
21,3,0.2,2,0,0,0,0
53,4,2.8,2,0,0,1,0
29,3,0.9,3,0,0,0,0
60,4,2.2,2,0,0,0,0
42,3,0.5,2,116,0,0,0
69,3,0.3,3,0,0,0,0
20,1,1.0,1,0,0,0,0
200,2,3.0,1,458,0,0,0
141,2,2.1,1,0,0,0,0
81,2,3.7,1,0,0,1,0
183,3,8.3,3,0,1,0,0
149,2,5.5,2,0,1,1,1
83,4,3.6,3,0,1,0,0
35,1,1.9,2,172,0,0,0
13,2,0.9,3,0,0,0,0
39,1,2.4,1,0,0,0,0
21,1,0.5,3,0,0,0,0
10,2,0.7,3,0,0,0,0
84,4,1.8,2,0,0,0,0
30,4,0.1,1,161,0,0,0
31,4,0.3,1,156,0,0,0
182,1,1.2,2,547,1,0,0
114,2,6.9,1,0,0,0,0
152,3,6.1,2,0,1,0,0
53,1,0.8,2,0,0,1,0
24,4,0.4,2,78,0,0,0
150,2,3.3,1,0,0,0,0
132,2,6.0,1,470,0,0,0
68,3,1.6,3,0,0,0,0
53,1,1.2,1,0,0,0,0
173,1,4.6,2,88,1,0,1
30,3,1.0,2,0,0,0,0
113,2,0.2,1,0,0,0,0
15,1,0.8,2,0,0,0,0
84,2,3.7,1,304,0,1,0
88,4,1.4,2,0,0,0,0
43,3,2.8,1,0,0,0,0
43,2,2.1,3,0,0,0,1
90,2,2.7,1,0,0,0,0
34,4,0.3,1,104,0,1,0
38,4,1.3,1,0,0,0,0
173,1,1.0,1,0,0,0,0
160,2,8.0,1,0,0,0,0
44,4,0.6,2,0,0,0,0
83,2,0.4,3,0,0,0,0
94,4,2.6,3,0,0,0,0
43,1,2.1,3,0,0,0,0
42,3,1.7,2,0,0,0,0
34,2,0.3,1,0,0,0,0
39,3,1.9,2,0,0,0,0
70,1,0.1,2,0,0,0,0
39,4,1.8,3,185,0,0,0
44,3,2.0,3,0,0,0,0
69,3,3.1,2,0,1,0,0
44,3,0.9,3,0,0,0,0
32,3,0.1,3,0,0,0,0
15,2,0.7,3,0,0,0,0
118,2,6.8,1,112,0,0,0
62,1,1.3,2,221,0,0,0
82,4,2.2,2,0,0,0,0
54,3,3.0,1,108,0,0,0
48,1,2.1,3,0,0,0,0
74,3,0.3,3,0,0,0,0
113,1,1.0,3,211,0,0,0
81,3,1.7,2,0,0,0,0
43,3,1.0,2,169,0,0,0
34,1,1.8,2,0,0,0,0
48,1,2.5,3,105,0,0,0
54,4,1.2,2,129,0,0,0
75,4,1.4,2,0,0,0,0
72,1,2.8,1,224,0,0,0
39,4,0.9,1,0,0,0,0
75,4,0.2,1,0,0,0,0
79,2,2.8,1,179,0,0,0
205,1,6.33,1,271,0,0,0
65,2,0.1,1,89,0,0,0
122,4,0.2,1,378,1,0,0
82,1,0.8,2,0,0,0,0
21,2,0.2,1,0,0,0,0
50,4,2.1,3,0,0,1,1
39,2,2.8,1,113,0,0,1
101,1,1.9,1,0,0,0,0
41,2,0.6,3,0,0,1,0
132,1,0.3,1,0,0,0,0
43,3,2.4,2,176,0,0,0
131,1,4.9,3,0,1,0,0
11,1,0.4,2,76,0,0,0
21,1,0.3,3,117,0,0,0
109,4,2.3,3,314,0,0,0
141,2,4.33,1,0,0,0,0
81,3,0.1,1,0,0,0,0
54,3,2.4,1,90,0,0,0
164,2,7.8,1,0,0,0,0
28,4,0.3,1,87,0,0,0
68,3,2.6,3,203,0,1,0
44,3,2.0,3,180,0,1,1
61,1,1.4,3,0,0,0,0
35,3,1.3,2,0,0,0,0
54,3,0.3,2,0,0,0,0
14,1,0.1,1,0,0,0,0
52,4,2.2,1,230,0,0,0
101,2,0.3,1,0,0,0,0
149,2,7.2,1,0,0,0,0
35,4,0.8,1,137,0,0,1
21,3,0.3,3,129,0,0,0
118,2,1.9,1,0,0,0,0
38,4,2.0,2,0,0,1,0
24,4,0.2,1,138,0,0,0
59,1,3.7,3,0,0,0,0
41,4,1.67,3,0,0,0,0
85,1,0.8,2,0,0,0,0
12,4,1.0,1,0,0,0,0
32,1,0.6,3,152,0,0,0
79,3,0.8,1,0,0,0,0
175,3,3.6,3,0,1,0,1
28,3,0.9,1,0,0,0,0
41,2,0.1,1,161,0,0,0
70,3,2.1,1,185,0,0,0
161,3,6.5,2,485,1,1,1
53,4,2.2,2,0,0,0,0
128,1,3.4,1,0,0,0,0
50,3,1.0,2,0,0,0,0
80,2,2.0,2,0,0,0,0
93,1,2.7,2,0,0,0,0
48,3,0.3,3,0,0,0,0
149,2,6.8,1,0,0,0,0
49,3,2.5,2,0,0,0,0
88,1,2.7,2,0,0,0,0
22,4,0.4,3,0,0,0,0
55,4,2.2,1,0,0,0,0
72,1,0.7,3,155,0,0,0
38,2,1.7,2,0,0,0,0
114,1,3.4,1,300,0,0,0
83,4,4.0,3,0,0,0,0
101,2,0.4,1,0,0,0,0
94,1,4.9,1,272,0,0,0
40,2,2.5,1,0,0,0,1
128,1,6.0,1,0,0,0,0
39,4,2.1,3,0,0,0,0
51,1,1.0,1,0,0,0,0
79,4,2.0,3,0,0,1,1
48,4,2.2,2,0,0,0,0
85,1,0.0,1,144,0,0,0
41,1,1.8,1,94,0,0,0
152,1,3.5,3,0,1,0,0
125,2,7.2,1,0,0,1,0
11,2,0.2,3,90,0,0,0
103,2,2.5,1,0,0,0,0
141,2,0.5,1,0,0,0,0
38,1,1.4,1,0,0,0,0
135,2,0.6,1,0,0,0,0
28,2,0.5,2,89,0,0,0
70,4,2.2,1,240,0,0,0
41,1,0.2,1,0,0,0,0
81,3,0.9,2,208,0,0,0
170,1,0.1,3,0,1,0,0
55,4,1.7,2,0,0,0,0
24,4,1.5,3,0,0,0,0
81,3,1.8,2,275,0,0,0
32,4,1.8,1,83,0,0,0
129,1,1.3,1,0,0,0,0
108,1,0.9,1,0,0,1,0
180,1,8.6,1,0,0,0,0
139,2,6.9,1,0,0,0,0
33,2,1.4,3,0,0,0,0
74,4,2.6,3,0,0,0,0
42,2,0.7,3,115,0,0,0
73,1,3.0,3,0,0,0,0
115,4,2.9,2,0,1,0,0
114,2,1.8,2,0,0,0,0
92,2,1.9,1,131,0,0,0
34,1,0.3,3,78,0,0,0
54,2,1.67,2,122,0,0,0
64,2,1.0,3,211,0,0,0
42,1,0.2,3,100,0,0,0
70,3,2.1,1,0,0,0,0
51,1,1.3,2,0,0,0,0
71,4,2.9,1,218,0,0,1
35,3,1.3,1,108,0,0,0
40,3,1.0,2,0,0,0,0
165,4,2.7,3,0,1,0,0
18,1,1.5,3,0,0,0,0
32,3,1.4,1,0,0,1,1
35,3,0.2,1,169,0,0,0
120,2,6.1,1,196,0,0,0
31,4,0.1,3,0,0,0,0
35,3,1.5,1,0,0,0,0
32,2,0.2,3,0,0,0,0
85,1,3.7,3,327,0,1,0
139,2,7.8,1,0,0,0,0
103,1,0.3,1,0,0,0,0
152,2,1.4,1,0,0,0,0
33,2,2.0,2,0,0,0,0
84,4,2.2,2,322,0,0,0
61,4,1.7,1,0,0,0,0
64,4,2.2,1,123,0,1,1
34,1,1.3,2,0,0,0,0
82,4,2.1,3,0,0,0,0
122,1,5.1,3,163,1,1,0
58,3,1.5,1,131,0,0,0
92,1,2.8,1,0,0,0,0
78,2,2.4,2,205,0,0,0
129,4,4.2,3,0,1,0,0
13,2,0.7,3,0,0,0,0
81,1,2.8,3,145,0,0,0
23,1,0.67,3,0,0,0,0
35,3,0.9,3,0,0,0,0
79,4,1.7,2,0,0,0,0
165,2,3.3,1,0,0,0,0
52,2,2.8,1,0,0,0,0
185,3,2.0,2,0,1,0,0
49,3,2.2,2,0,0,0,0
64,1,1.8,3,227,0,0,0
61,4,2.0,3,0,0,1,0
112,1,2.4,1,0,0,1,1
72,3,2.0,3,190,0,1,0
18,3,0.5,1,0,0,0,0
41,4,2.5,2,0,0,0,0
61,4,2.6,1,239,0,0,0
105,1,3.0,2,282,1,1,1
23,1,0.2,1,0,0,0,0
22,1,0.5,3,85,0,0,0
59,3,2.1,1,0,0,0,0
33,1,2.0,2,160,0,0,0
11,1,0.9,3,103,0,0,0
204,2,2.8,1,0,0,0,0
61,4,1.8,3,207,0,0,0
103,3,1.8,2,364,0,0,0
51,3,1.5,1,0,0,0,0
164,1,6.0,3,0,1,0,0
12,1,0.1,2,0,0,0,0
82,1,3.6,2,0,0,0,0
164,1,2.4,1,449,0,0,0
48,2,1.67,2,0,0,0,0
38,4,0.6,2,0,0,0,0
65,2,1.5,2,0,0,0,0
71,4,1.9,1,207,0,0,0
18,1,0.3,1,0,0,1,1
52,2,1.6,3,75,0,0,0
48,3,2.5,2,113,0,0,0
30,1,1.0,3,111,0,0,0
40,2,2.2,3,107,0,0,0
112,1,3.8,1,81,0,0,0
115,1,1.9,1,0,0,0,0
63,2,1.0,3,82,0,0,0
85,1,3.7,3,0,0,0,0
59,1,2.5,3,220,0,0,0
68,1,0.8,3,91,0,0,0
84,2,1.8,1,0,0,0,0
62,3,0.8,3,0,0,0,0
109,3,4.0,1,0,1,0,0
141,2,7.6,1,92,0,0,0
129,1,7.4,1,0,0,0,0
30,3,0.7,2,0,0,0,0
148,1,4.7,1,0,0,0,0
25,3,0.67,2,0,0,0,0
21,3,1.3,1,115,0,0,0
72,4,2.2,1,0,0,0,0
59,3,0.9,3,87,0,0,0
83,3,1.8,2,187,0,1,0
10,2,0.3,2,0,0,0,0
84,3,0.6,2,0,0,0,0
98,3,2.0,2,0,0,0,0
32,1,1.0,1,0,0,1,1
31,4,0.4,2,161,0,0,0
94,3,0.5,1,0,0,0,0
21,2,0.2,3,137,0,0,1
110,3,4.4,1,0,0,1,0
38,1,2.2,3,0,0,0,0
39,1,1.4,3,0,0,0,0
132,3,1.2,2,0,1,0,1
61,4,2.6,1,0,0,0,0
92,1,2.0,1,0,0,0,0
119,2,6.1,1,0,0,0,0
53,4,2.1,1,0,0,0,0
18,3,1.3,2,0,0,0,0
114,2,4.4,2,0,1,0,0
90,1,3.0,3,0,0,0,0
140,1,7.0,1,205,0,0,0
90,2,3.3,1,0,0,0,0
85,1,1.9,1,0,0,0,0
80,1,1.2,1,0,0,0,0
53,2,1.1,1,0,0,0,0
49,4,2.2,2,0,0,0,0
152,3,3.3,3,0,1,0,0
138,2,2.8,2,0,1,0,0
80,4,2.2,2,0,0,0,0
82,2,2.4,2,0,0,0,0
195,1,8.1,1,0,0,0,0
22,1,1.2,3,0,0,0,0
81,1,2.5,1,0,0,0,0
40,4,2.2,1,0,0,1,1
154,2,2.8,1,0,0,1,0
49,3,1.1,2,0,0,0,0
85,4,3.4,2,0,0,0,0
21,3,0.1,2,0,0,1,1
14,1,1.0,1,0,0,0,0
60,4,1.6,2,0,0,0,0
138,2,4.33,1,0,0,0,0
98,1,1.3,3,355,0,0,0
22,4,0.6,2,0,0,0,0
49,1,1.2,2,0,0,0,0
102,2,1.9,1,0,0,0,1
45,4,0.7,2,0,0,0,0
82,4,1.3,3,0,0,0,0
81,3,1.8,2,0,0,1,0
35,1,1.5,2,0,0,1,0
59,2,1.9,2,0,0,0,0
52,3,1.1,2,0,0,0,0
84,3,0.7,1,166,0,0,0
85,1,2.7,2,100,0,0,0
65,1,0.2,1,0,0,0,0
89,2,1.7,2,314,0,0,0
109,4,1.8,1,0,1,0,0
81,1,2.8,1,0,0,0,0
38,1,1.1,3,108,0,0,0
72,2,1.7,1,0,0,0,0
78,4,2.0,2,119,0,1,0
172,2,6.9,2,0,1,0,0
71,3,2.33,1,106,0,1,0
165,1,4.1,3,0,1,0,1
120,2,3.9,1,0,0,0,0
39,1,0.2,1,0,0,0,0
23,3,0.7,2,0,0,0,0
135,2,4.6,3,91,1,0,0
12,2,0.2,1,76,0,0,0
92,2,0.7,2,0,0,0,0
192,2,6.4,3,0,1,0,0
42,4,0.8,1,0,0,0,0
158,3,3.7,3,0,1,0,0
194,3,6.0,3,587,1,1,1
160,2,7.6,1,0,0,1,0
98,2,6.3,1,0,0,0,0
164,2,7.6,1,0,0,0,1
42,2,2.5,1,0,0,1,0
202,3,10.0,3,0,1,0,0
10,4,0.7,1,0,0,0,0
31,4,0.3,2,0,0,0,0
58,4,0.9,1,0,0,0,0
65,4,2.8,2,0,0,0,0
98,1,4.0,3,0,0,0,0
150,2,2.0,1,0,0,0,0
44,2,2.3,3,0,0,0,0
15,2,0.2,3,0,0,0,0
82,2,2.5,1,0,0,0,0
61,3,0.5,3,0,0,0,0
38,1,2.0,2,0,0,0,0
39,4,2.1,3,0,0,0,0
173,1,6.0,1,0,0,0,0
8,4,0.2,1,0,0,0,0
51,3,2.0,1,214,0,0,0
62,4,1.8,3,82,0,0,0
34,4,0.7,2,0,0,0,0
132,3,5.9,2,307,1,0,0
44,4,1.5,3,0,0,0,0
162,1,8.1,1,0,0,0,0
64,3,2.2,1,0,0,0,0
111,1,0.1,3,0,0,0,0
41,2,2.0,3,0,0,0,0
52,4,1.67,3,0,0,0,0
65,4,2.2,2,0,0,0,0
130,1,1.1,2,0,1,0,0
45,2,0.1,1,0,0,0,0
35,1,1.9,2,118,0,0,0
65,3,0.7,2,263,0,0,0
38,2,0.7,1,91,0,0,0
42,4,1.1,2,0,0,0,0
45,4,1.5,3,0,0,0,0
145,1,0.3,1,0,0,0,0
33,4,1.5,3,0,0,0,0
60,3,1.4,3,0,0,0,0
45,1,2.0,1,0,0,0,0
72,4,2.4,1,0,0,1,0
34,3,0.2,2,0,0,0,0
23,3,0.67,2,0,0,0,0
45,2,1.0,3,88,0,0,0
28,4,1.0,1,75,0,0,0
81,4,3.8,2,0,0,0,0
72,3,0.7,2,81,0,0,0
49,4,1.67,3,0,0,0,0
31,4,1.2,2,0,0,0,0
63,3,2.2,3,0,0,0,0
150,4,5.4,1,0,1,1,1
142,2,3.9,1,193,0,0,0
74,3,3.0,1,0,0,0,0
24,1,0.4,2,81,0,0,0
29,4,1.9,3,0,0,0,0
79,4,2.4,1,0,0,0,0
94,2,0.2,1,310,0,0,0
121,1,4.3,1,0,0,1,0
54,3,2.0,1,0,0,0,0
73,3,2.4,1,0,0,0,0
71,1,0.8,3,127,0,0,0
29,3,1.0,2,0,0,0,0
93,1,2.7,1,0,0,0,0
73,1,1.5,3,252,0,0,0
19,4,0.9,2,0,0,0,0
58,2,0.1,1,0,0,1,1
39,1,0.2,1,0,0,0,0
23,2,1.4,2,0,0,1,0
29,1,0.6,3,127,0,0,0
155,1,0.8,1,0,0,0,0
90,1,2.6,2,0,0,1,0
113,2,2.0,1,77,0,0,0
42,1,1.8,3,0,0,0,0
30,4,0.2,1,0,0,0,1
19,3,0.5,2,0,0,0,0
124,3,5.0,2,170,1,0,0
30,2,0.7,2,145,0,0,0
28,1,1.5,3,124,0,1,0
15,2,1.0,2,101,0,0,0
70,1,1.6,3,265,0,0,0
10,1,0.1,2,0,0,0,0
22,3,0.3,3,139,0,0,0
70,4,1.9,1,0,0,0,0
61,1,1.6,1,0,0,0,0
161,2,3.3,1,0,0,1,0
29,2,0.8,1,0,0,0,0
35,3,0.5,1,0,0,0,0
48,4,2.8,2,0,0,0,0
44,4,0.8,1,0,0,0,0
88,3,0.8,1,134,0,0,0
40,4,2.1,3,0,0,0,0
21,4,0.4,2,123,0,0,0
58,2,2.8,1,0,0,0,0
59,4,0.1,2,0,0,0,0
74,4,4.0,3,0,0,0,0
84,4,1.9,2,0,0,0,0
58,1,0.2,1,177,0,0,0
154,2,8.8,1,0,0,0,0
185,1,1.7,1,0,0,0,0
78,1,1.2,1,305,0,0,0
55,2,1.1,2,0,0,0,0
30,4,0.3,2,0,0,0,0
74,3,2.0,2,0,0,0,0
118,2,3.3,1,0,0,0,0
182,2,3.3,3,372,1,0,0
82,2,1.6,3,0,0,0,0
29,4,1.5,3,79,0,0,0
120,4,5.4,1,301,1,0,1
53,2,2.4,2,0,0,0,0
43,3,1.4,1,0,0,0,0
59,4,2.2,1,232,0,0,0
84,4,2.6,3,289,0,1,1
161,3,3.4,1,212,1,0,0
21,4,0.4,2,137,0,0,0
63,4,0.7,1,0,0,0,0
172,3,3.4,2,0,1,0,0
51,4,0.2,1,172,0,0,0
24,4,0.7,1,0,0,0,0
95,2,1.6,1,0,0,0,0
59,1,2.4,1,250,0,0,0
51,4,1.8,2,0,0,1,0
28,1,1.0,1,84,0,0,0
154,2,2.0,1,130,0,0,0
15,2,0.3,3,115,0,0,0
55,4,1.67,3,0,0,0,0
149,1,6.33,1,305,0,0,0
79,1,1.8,3,0,0,0,0
68,4,2.6,3,0,0,0,0
78,1,2.6,2,0,0,0,0
34,2,2.0,2,0,0,1,0
195,3,0.4,1,0,1,1,1
184,1,8.1,1,303,0,0,0
85,2,3.2,1,0,0,0,0
200,2,8.8,1,0,0,0,0
64,3,0.5,3,0,0,0,0
88,1,2.6,2,0,0,1,0
42,3,2.4,2,0,0,0,0
91,3,1.6,1,126,0,0,0
38,1,0.3,1,0,0,1,1
28,1,1.5,2,0,0,0,0
32,4,0.1,3,0,0,1,0
31,1,0.3,3,0,0,0,0
22,4,0.4,2,103,0,0,0
95,3,3.7,2,138,1,0,0
74,4,1.3,1,0,0,0,0
22,1,1.5,2,91,0,0,0
43,3,0.1,2,0,0,0,0
43,1,1.0,3,0,0,0,0
112,3,1.8,2,0,0,1,1
9,2,1.0,2,0,0,0,0
81,2,0.0,3,0,0,0,0
131,1,5.7,1,256,0,0,0
19,1,1.5,3,0,0,1,0
62,3,0.7,2,0,0,1,0
19,4,0.4,2,124,0,1,0
8,2,0.3,1,0,0,0,0
193,1,4.7,3,203,1,0,0
129,4,4.4,1,140,1,0,0
30,4,0.7,2,0,0,0,0
80,4,1.8,2,0,0,0,0
22,4,1.5,3,0,0,0,0
33,1,1.5,2,0,0,0,0
64,4,2.1,3,0,0,0,0
60,3,2.2,3,84,0,0,0
81,1,2.9,3,259,0,0,0
45,3,0.6,2,204,0,0,0
112,4,1.8,2,0,0,0,0
83,2,3.4,3,0,1,0,0
180,2,7.6,1,524,0,0,0
28,4,0.2,2,0,0,1,0
169,2,5.2,3,249,1,0,0
14,4,0.7,1,0,0,0,0
43,1,2.0,1,0,0,0,0
88,2,0.3,1,0,0,0,0
78,4,2.6,3,0,0,0,0
68,1,0.2,2,163,0,0,0
144,2,3.3,1,0,0,0,0
30,4,1.0,1,163,0,0,0
120,1,0.0,1,135,0,0,0
24,2,0.3,2,0,0,0,0
78,4,2.3,3,157,0,1,0
135,2,5.2,2,0,1,0,0
44,2,1.6,3,0,0,0,0
73,4,3.8,2,0,0,0,0
90,1,2.7,2,0,0,0,0
58,3,0.5,3,0,0,0,0
75,2,3.7,1,236,0,0,0
174,3,1.7,3,231,1,0,1
50,2,1.7,1,174,0,0,0
85,1,4.0,3,287,0,0,0
54,3,2.2,1,0,0,0,0
83,2,3.4,1,0,1,0,0
24,4,0.2,1,0,0,1,0
45,4,1.1,2,205,0,0,0
68,1,0.8,3,0,0,0,0
48,4,0.1,3,0,0,0,0
114,1,1.0,3,0,0,0,0
142,3,2.3,2,0,1,0,1
52,3,0.5,2,0,0,0,0
142,2,3.3,1,0,0,0,0
15,1,0.4,3,0,0,0,0
118,1,4.7,1,159,0,0,0
101,4,4.9,1,0,0,0,0
84,2,2.8,1,0,0,0,0
32,1,1.9,2,100,0,0,0
64,3,0.5,3,247,0,0,0
81,4,3.4,1,0,0,0,0
28,4,1.5,3,0,0,0,0
93,1,0.0,1,0,0,0,0
185,1,3.6,2,0,1,0,0
42,1,1.8,2,0,0,0,0
45,2,1.6,3,0,0,0,0
49,2,1.67,2,214,0,0,0
69,3,2.1,1,0,0,0,0
94,1,2.8,2,333,0,0,0
18,1,1.5,2,0,0,0,0
8,4,0.7,1,91,0,1,0
55,4,2.1,1,108,0,0,0
85,2,0.4,3,0,0,0,0
62,4,0.0,1,229,0,0,0
65,4,2.0,3,0,0,0,0
138,2,0.0,1,0,0,1,0
103,1,2.5,1,0,0,0,0
99,3,3.5,3,357,1,0,0
152,1,7.3,1,0,0,0,0
25,2,0.9,3,140,0,0,0
98,2,2.5,1,361,0,1,1
39,2,0.7,2,166,0,0,0
40,1,1.3,2,0,0,0,0
58,3,2.1,1,169,0,0,0
192,2,1.8,3,301,1,0,1
62,1,0.8,2,0,0,0,0
69,1,0.8,2,0,0,1,0
40,4,1.3,3,170,0,0,0
61,2,0.6,3,127,0,0,0
30,4,0.3,2,157,0,0,0
29,1,1.5,2,97,0,0,0
41,2,1.0,2,0,0,0,0
118,1,3.3,2,0,1,0,0
109,1,7.0,1,366,0,0,0
122,4,0.2,2,0,1,0,1
50,3,1.5,1,169,0,0,0
43,3,0.1,2,0,0,0,0
108,1,4.6,1,0,0,1,0
110,4,2.5,3,0,1,0,0
20,1,1.4,3,0,0,0,0
112,4,1.7,3,0,0,0,0
25,1,0.1,2,136,0,0,0
42,3,0.7,2,0,0,0,0
29,2,0.3,1,0,0,0,0
84,3,2.1,1,134,0,1,0
81,4,2.6,3,0,0,1,0
55,4,0.9,1,119,0,0,0
40,1,2.4,2,0,0,1,0
145,4,5.7,2,0,1,0,1
175,2,1.1,3,0,1,0,0
78,4,1.8,3,163,0,0,0
51,4,1.5,1,0,0,0,0
50,4,1.67,3,0,0,0,0
21,3,0.4,1,0,0,0,0
79,1,0.2,2,83,0,0,0
84,1,4.0,3,0,0,0,0
34,4,0.4,2,0,0,0,0
73,4,1.6,2,0,0,0,0
90,3,0.5,1,0,0,0,0
23,4,0.2,3,0,0,0,0
145,2,6.1,3,294,1,0,1
54,4,0.2,1,141,0,1,0
49,3,2.2,2,103,0,0,0
51,1,2.8,2,0,0,0,0
8,4,0.6,2,0,0,0,0
62,1,1.0,1,0,0,1,0
25,1,0.67,3,0,0,0,0
63,2,1.75,3,0,0,0,0
24,2,0.2,3,86,0,0,0
11,1,0.1,2,0,0,0,0
23,1,0.1,1,0,0,0,0
33,1,1.4,3,0,0,0,0
83,1,3.8,1,97,1,0,0
39,3,1.4,1,131,0,0,0
138,3,6.9,2,0,1,0,0
113,3,2.5,1,0,0,0,0
125,4,0.5,3,0,1,0,1
195,1,1.7,1,0,0,0,0
105,3,1.2,3,0,0,1,0
75,2,3.5,1,0,1,0,0
40,2,1.0,2,0,0,0,0
61,3,0.5,3,137,0,0,0
75,2,4.5,3,0,0,0,0
122,1,0.0,1,0,0,0,0
75,3,3.0,1,0,0,0,0
59,4,0.2,3,0,0,0,0
24,3,1.0,2,0,0,0,0
175,3,3.3,3,329,1,0,0
39,2,0.8,1,182,0,0,0
145,2,6.8,1,0,0,1,0
24,4,0.4,2,142,0,0,0
20,3,0.1,2,0,0,0,0
85,1,2.6,2,0,0,0,0
65,3,2.6,3,0,0,1,0
191,4,5.6,3,0,1,0,0
11,2,0.0,1,0,0,1,0
40,2,1.0,3,167,0,0,0
54,3,0.7,2,196,0,0,0
95,1,3.8,1,0,0,0,0
94,4,1.0,2,0,0,0,0
79,4,2.2,2,0,0,0,0
48,3,0.3,3,0,0,0,0
70,4,2.6,1,0,0,1,0
40,3,0.1,2,111,0,0,0
44,4,1.8,1,0,0,0,0
43,1,1.4,3,137,0,0,0
29,1,0.3,3,0,0,0,0
188,3,1.3,1,184,1,0,0
114,1,0.0,1,0,0,0,0
52,3,0.7,2,0,0,0,0
13,1,0.2,1,0,0,0,0
95,3,0.5,3,0,0,0,0
84,1,2.9,3,0,0,0,0
49,1,1.8,1,0,0,0,0
181,1,1.7,1,0,0,0,0
182,1,0.3,2,229,1,0,1
70,2,2.7,1,0,0,0,0
79,3,1.1,1,185,0,0,0
61,4,2.8,2,0,0,0,0
121,2,2.1,1,0,0,0,0
34,3,0.2,1,83,0,0,0
183,1,1.0,1,442,0,0,0
51,1,1.6,3,0,0,1,0
70,3,0.3,3,0,0,0,0
39,1,1.7,1,0,0,0,0
84,3,2.0,2,0,0,0,0
122,1,7.0,1,0,0,0,0
145,1,1.7,1,132,0,0,0
98,2,0.4,1,0,0,0,0
79,1,1.0,3,233,0,0,0
38,2,2.0,3,0,0,0,0
49,3,0.7,2,196,0,0,0
38,1,1.0,1,0,0,0,0
91,4,2.6,3,0,0,0,0
29,4,0.2,1,0,0,0,0
172,2,6.5,1,0,0,0,0
104,2,3.7,1,0,1,0,0
58,1,2.5,1,0,0,0,0
171,2,1.9,2,0,1,0,0
73,3,3.3,1,0,1,0,1
191,1,2.9,1,0,0,0,0
90,2,4.5,3,0,0,0,0
55,3,2.3,1,0,0,1,1
28,1,2.0,2,0,0,0,0
42,1,2.5,3,0,0,0,0
9,1,0.1,2,91,0,1,0
65,1,1.5,2,0,0,1,0
134,4,4.5,3,0,1,1,1
83,4,3.4,1,0,0,1,0
38,3,1.0,2,0,0,0,0
13,4,0.3,1,0,0,0,0
143,3,2.9,3,0,1,0,0
75,4,1.9,1,0,0,0,0
120,1,3.2,3,0,1,0,0
91,1,2.8,2,0,0,0,0
99,2,1.5,3,0,0,0,0
71,1,0.1,1,78,0,1,0
111,1,0.8,2,0,0,0,0
108,1,5.2,1,0,0,0,0
158,1,7.4,1,0,0,0,0
81,3,2.67,1,0,0,0,0
12,2,0.1,3,0,0,1,1
21,2,0.4,1,0,0,0,0
55,4,0.9,1,215,0,0,0
42,1,1.8,3,0,0,0,0
81,2,0.4,1,0,0,0,0
13,4,0.2,1,87,0,0,0
132,1,0.6,1,157,0,0,0
99,1,1.0,3,0,0,0,0
23,4,0.2,1,0,0,0,0
40,1,2.0,2,0,0,1,0
181,3,1.4,1,0,1,0,0
112,2,2.2,1,394,0,0,0
138,2,7.8,1,227,0,0,0
94,3,3.8,2,327,1,1,1
113,1,1.7,1,0,0,0,0
112,4,5.0,2,0,1,0,0
190,2,3.0,1,475,0,0,0
38,1,1.1,3,0,0,0,0
32,1,1.4,3,158,0,0,0
104,3,0.6,2,0,0,0,0
43,1,1.9,2,0,0,0,0
45,3,1.7,2,0,0,1,0
35,2,1.7,2,0,0,0,0
42,4,1.2,2,0,0,0,0
58,1,0.8,2,0,0,0,0
103,4,3.4,1,0,1,0,0
71,1,3.3,2,149,1,1,1
14,1,0.4,2,98,0,0,0
98,3,1.2,3,0,0,1,0
90,1,0.1,2,0,0,0,0
65,4,0.2,1,0,0,1,0
19,4,0.4,1,0,0,0,0
35,3,1.7,2,0,0,0,0
71,4,1.3,1,0,0,0,0
31,3,0.5,1,0,0,0,0
43,4,1.2,2,0,0,0,0
24,1,1.5,2,87,0,1,0
58,2,0.4,3,0,0,1,0
115,2,0.4,1,0,0,0,0
168,2,8.0,1,152,0,1,0
128,1,1.5,1,0,0,0,0
138,1,7.0,1,0,0,0,0
81,3,1.7,2,0,0,0,0
41,4,1.3,3,0,0,0,0
123,2,2.9,2,0,1,0,0
71,2,2.7,1,94,0,0,0
8,1,0.4,3,0,0,0,0
42,2,0.7,1,101,0,0,0
62,2,2.5,1,184,0,0,0
22,4,1.0,1,91,0,1,0
38,4,1.0,2,0,0,0,0
24,4,0.4,2,0,0,0,0
50,3,2.4,1,0,0,0,0
190,4,1.3,2,197,1,0,0
94,2,3.1,1,0,0,0,0
165,4,5.1,3,0,1,0,0
43,4,1.2,2,0,0,0,0
48,1,1.6,2,0,0,0,0
52,3,2.7,2,228,0,0,0
84,4,4.9,1,0,0,0,0
131,1,0.9,1,0,0,0,0
44,4,0.2,1,0,0,0,0
78,4,0.2,1,87,0,0,0
15,4,0.4,2,0,0,0,0
38,4,1.9,3,144,0,0,0
84,1,1.3,3,0,0,1,0
122,1,0.3,1,0,0,0,0
98,2,2.8,1,0,0,0,0
80,3,2.67,2,0,0,0,0
165,2,8.0,1,0,0,0,0
121,2,3.3,1,0,0,0,0
20,3,0.4,2,94,0,0,0
11,1,0.2,1,91,0,0,0
45,1,1.8,3,0,0,0,0
118,2,2.8,2,0,1,0,0
14,2,0.3,1,109,0,0,0
30,3,0.2,2,0,0,0,0
45,1,0.2,1,98,0,0,0
80,3,2.67,1,0,0,0,0
25,4,0.3,2,0,0,0,0
144,1,2.5,1,0,0,1,1
84,4,0.2,3,297,0,0,0
22,2,0.4,1,0,0,0,0
33,3,1.5,1,0,0,0,0
60,4,2.6,3,0,0,0,0
81,4,2.2,2,116,0,0,0
169,1,6.8,3,0,1,0,1
63,2,1.6,3,0,0,0,0
12,2,0.7,3,109,0,0,0
15,4,0.8,1,101,0,0,0
39,1,0.5,3,0,0,1,1
44,4,2.0,2,0,0,0,0
110,1,4.0,1,0,0,0,0
130,3,6.3,2,99,1,0,0
41,1,1.4,3,128,0,0,0
59,1,1.4,3,241,0,0,0
39,2,0.8,1,0,0,0,0
35,4,0.0,2,0,0,0,0
80,1,2.6,2,0,0,0,0
81,1,2.67,2,0,0,0,0
31,2,0.8,3,0,0,0,0
93,4,1.9,3,0,0,0,0
45,4,1.5,1,204,0,0,0
40,2,0.6,3,0,0,0,0
80,2,1.6,3,185,0,0,0
20,1,0.4,3,0,0,0,0
41,1,0.5,3,0,0,0,0
31,1,0.3,1,104,0,0,0
35,4,0.2,2,0,0,0,0
40,3,1.4,3,137,0,0,0
84,1,1.8,3,0,0,0,0
53,2,1.6,3,0,0,0,0
85,4,4.0,3,0,0,0,0
138,2,3.9,1,0,0,0,0
71,2,1.75,3,108,0,0,0
113,1,0.8,3,0,0,0,0
23,2,1.0,2,0,0,1,0
62,3,2.3,1,0,0,0,0
14,4,0.2,3,100,0,0,0
60,2,2.2,3,0,0,0,0
94,3,0.8,1,236,0,0,0
83,3,1.8,2,0,0,0,0
130,3,6.3,3,437,1,0,1
61,4,1.7,1,0,0,0,0
92,2,3.1,1,178,0,0,0
20,2,0.8,3,117,0,0,0
194,2,8.8,1,428,0,0,0
74,1,2.5,1,0,0,0,0
84,2,0.4,3,145,0,0,0
98,3,1.8,2,333,0,0,0
52,3,2.33,1,0,0,0,0
55,1,1.3,2,236,0,0,0
64,4,3.4,1,117,0,0,0
128,1,2.5,1,162,0,0,0
113,4,1.7,2,0,1,0,0
50,3,1.1,2,0,0,0,0
54,4,2.2,2,0,0,0,0
129,1,0.9,1,366,0,0,0
82,4,0.4,1,0,0,0,0
100,4,1.7,2,0,0,0,0
44,4,2.2,1,0,0,1,0
164,4,0.5,2,234,1,0,1
81,2,3.7,1,121,0,0,0
71,1,0.1,1,257,0,0,0
28,1,0.5,3,90,0,0,0
80,3,1.5,1,219,0,0,0
90,4,1.9,2,0,0,0,0
74,1,3.6,2,0,0,0,0
14,2,0.7,3,0,0,1,0
23,2,0.5,2,103,0,0,0
153,1,1.7,1,337,0,0,0
38,3,0.9,3,0,0,0,0
112,2,2.0,2,382,0,1,0
145,1,8.1,1,397,0,0,0
28,2,0.3,2,88,0,0,0
31,4,1.1,3,0,0,0,0
195,1,6.33,1,0,0,0,0
50,3,2.0,3,0,0,0,0
71,4,2.0,3,0,0,0,0
21,3,0.3,3,0,0,0,0
35,2,0.8,3,125,0,0,0
42,1,2.4,1,0,0,0,0
78,4,3.6,3,141,0,0,0
73,4,2.2,2,0,0,0,0
53,2,1.0,3,181,0,0,0
51,2,1.6,3,123,0,0,0
40,2,2.3,3,0,0,0,0
178,1,1.0,1,0,0,0,0
35,2,0.3,1,0,0,0,0
192,1,0.0,2,0,1,0,0
123,1,5.4,1,0,0,0,0
48,2,1.67,2,0,0,1,1
45,3,0.6,2,0,0,0,0
15,1,0.2,1,0,0,0,0
79,1,0.3,1,120,0,0,0
63,4,2.0,2,0,0,1,0
30,2,0.2,3,0,0,0,0
145,4,6.9,1,380,1,0,0
32,3,1.0,2,0,0,0,0
64,2,0.1,1,224,0,0,0
84,1,0.1,1,0,0,0,0
21,1,0.4,2,0,0,0,0
99,4,1.7,2,0,0,0,0
35,2,1.3,1,0,0,0,0
180,1,1.7,1,0,0,0,0
42,1,1.33,1,0,0,0,0
179,4,2.1,2,0,1,0,0
42,4,0.1,3,0,0,0,0
180,2,9.0,2,297,1,0,0
82,4,3.4,1,0,0,0,0
55,2,0.7,1,149,0,0,0
79,2,2.2,1,0,0,0,0
48,2,0.6,3,215,0,0,0
93,1,2.7,1,0,0,1,0
23,2,0.2,3,0,0,0,0
50,3,2.33,1,200,0,0,0
85,2,2.0,1,0,0,0,0
35,1,1.5,2,97,0,0,0
171,3,6.0,2,0,1,0,0
29,4,1.5,2,0,0,0,0
84,1,1.8,3,0,0,0,0
20,4,0.5,2,0,0,0,0
14,1,0.4,3,0,0,0,0
179,1,8.6,1,357,0,0,0
48,1,0.8,1,158,0,0,0
74,1,2.8,1,0,0,0,0
53,1,1.4,1,0,0,0,0
83,1,2.8,2,0,0,0,0
171,2,2.1,1,433,0,0,0
85,4,4.9,1,0,0,0,0
38,4,0.9,2,0,0,0,0
85,3,1.6,1,157,0,0,0
79,1,0.1,1,0,0,0,0
69,4,0.4,1,0,0,0,0
43,3,0.9,3,0,0,0,0
33,2,0.3,1,101,0,0,0
42,3,0.1,3,149,0,0,0
40,4,1.9,3,122,0,0,0
43,1,1.8,3,0,0,0,0
20,4,0.5,3,117,0,0,0
65,3,2.5,1,222,0,0,0
139,3,3.4,1,483,1,0,0
135,3,0.3,3,0,1,0,0
84,3,1.6,3,0,0,0,0
179,1,2.9,3,0,1,0,0
45,4,1.3,2,86,0,0,0
109,2,2.5,1,0,0,0,0
34,4,0.1,3,0,0,0,0
162,1,1.3,1,0,0,0,0
105,2,1.4,1,0,0,0,0
22,3,0.2,2,0,0,0,0
82,2,1.8,1,178,0,0,0
105,4,1.7,2,230,0,1,0
62,1,1.8,3,0,0,0,0
82,2,2.0,1,83,0,0,0
72,4,0.0,1,0,0,0,0
38,4,1.7,1,0,0,0,0
25,4,1.0,1,0,0,0,0
20,1,0.75,3,0,0,0,0
80,4,1.8,2,0,0,0,0
84,3,1.1,1,0,0,0,0
33,1,1.0,1,0,0,0,0
55,3,0.9,3,0,0,0,0
33,2,0.7,2,0,0,0,0
190,4,0.3,3,305,1,0,0
43,1,0.3,3,158,0,0,0
45,3,0.1,3,0,0,0,0
141,1,3.5,1,0,0,0,0
69,4,2.4,1,0,0,0,0
78,4,0.1,2,0,0,0,0
84,1,3.7,3,0,0,0,0
172,1,5.2,2,0,1,0,0
51,4,0.2,1,154,0,1,0
75,1,1.4,3,0,0,0,0
183,1,3.1,2,0,1,0,1
20,4,0.4,3,0,0,0,0
101,2,3.9,3,294,1,0,0
129,1,5.9,3,0,1,0,0
63,2,3.2,1,0,0,0,0
44,4,2.1,1,0,0,0,0
184,1,5.4,3,176,1,0,1
100,2,2.0,1,127,0,0,0
12,3,0.4,1,0,0,0,0
68,2,2.3,3,128,0,1,0
48,1,1.0,1,212,0,0,0
82,2,0.4,1,0,0,0,0
52,2,2.5,1,0,0,0,0
154,2,4.6,2,0,1,1,1
39,1,1.5,1,0,0,0,0
40,1,0.3,1,0,0,0,1
54,4,1.9,3,164,0,0,0
32,2,1.0,2,103,0,0,1
64,2,2.3,3,0,0,0,0
92,2,1.3,1,287,0,0,0
40,1,2.5,3,94,0,0,0
60,3,0.5,3,0,0,0,0
85,2,1.3,1,119,0,0,0
21,4,0.4,1,90,0,0,0
35,1,0.6,3,171,0,0,0
52,2,0.1,1,0,0,0,0
128,1,7.4,1,0,0,0,0
195,1,6.33,1,0,0,0,0
68,2,1.5,2,117,0,0,0
55,2,1.1,1,0,0,0,0
55,1,0.2,1,0,0,0,0
80,4,0.4,1,0,0,0,0
123,1,0.8,1,146,0,0,0
90,4,1.9,2,106,0,1,0
61,1,1.4,3,0,0,0,0
41,3,2.5,2,0,0,0,0
43,2,1.6,3,0,0,0,0
71,3,0.1,1,162,0,1,0
25,4,1.0,1,0,0,0,0
154,1,3.0,2,0,1,1,1
141,1,2.4,1,0,0,0,0
22,2,0.9,3,110,0,0,0
145,2,6.8,1,0,0,0,0
49,3,0.5,3,0,0,0,0
109,1,2.0,1,0,0,0,0
80,3,0.5,1,0,0,0,0
82,4,1.4,2,201,0,0,0
52,4,2.5,1,0,0,0,0
85,3,2.5,1,0,0,0,0
148,1,1.0,1,0,0,0,0
160,2,2.1,1,0,0,0,0
39,4,1.7,1,0,0,0,0
25,2,0.8,3,0,0,0,0
33,1,1.4,3,0,0,0,0
38,3,2.5,2,0,0,0,0
85,4,0.2,3,0,0,0,0
48,1,0.2,1,0,0,0,0
15,4,0.6,3,77,0,0,0
94,1,0.0,1,174,0,0,0
120,2,0.6,1,0,0,0,0
60,1,0.7,3,159,0,0,0
145,2,4.33,1,277,0,0,0
29,2,0.7,3,0,0,0,0
78,3,2.67,2,0,0,0,0
59,4,1.2,2,0,0,0,0
80,2,4.5,3,0,0,0,0
180,1,1.0,1,0,0,0,0
8,3,0.1,2,83,0,0,0
23,1,1.5,3,0,0,0,0
79,2,3.8,3,0,0,0,0
78,2,3.8,3,268,0,0,0
64,1,0.0,2,0,0,0,0
64,4,0.2,3,0,0,0,0
160,4,3.8,1,237,1,0,0
43,1,1.0,3,102,0,0,0
32,1,1.1,3,0,0,0,0
179,2,0.0,1,76,0,1,0
8,1,0.1,1,0,0,0,0
63,1,1.6,1,0,0,1,0
40,2,2.3,3,0,0,1,0
99,4,2.2,2,155,0,0,0
141,2,4.5,2,0,1,0,0
159,1,1.5,1,0,0,0,0
39,2,0.3,1,174,0,0,0
99,4,1.7,2,0,0,0,0
18,4,0.3,2,0,0,0,0
38,2,0.3,1,0,0,0,0
133,1,0.0,1,0,0,0,0
84,2,2.8,1,0,0,0,0
60,1,0.0,2,0,0,0,0
178,3,5.4,3,147,1,0,0
18,1,0.5,3,0,0,0,0
73,1,0.8,3,0,0,0,0
125,1,7.3,1,0,0,0,0
91,1,4.3,2,0,1,0,1
74,2,1.1,1,0,0,0,0
35,2,0.3,2,0,0,1,0
113,1,2.0,1,0,0,0,0
52,4,2.2,2,0,0,0,0
191,2,4.4,2,0,1,0,0
18,1,0.3,3,93,0,0,0
25,2,0.0,1,0,0,0,0
50,4,1.9,3,0,0,0,0
75,4,0.7,3,0,0,0,0
92,2,4.5,3,0,0,1,0
33,2,2.0,2,0,0,0,0
65,3,2.2,3,0,0,0,0
44,3,1.7,1,0,0,0,0
183,2,1.4,1,354,0,0,0
175,2,1.4,1,0,0,0,0
28,4,1.5,3,0,0,0,0
49,4,2.2,2,0,0,0,0
45,4,1.8,1,0,0,0,0
64,4,3.0,3,221,1,0,0
22,3,0.1,3,90,0,0,0
120,1,7.4,1,119,0,0,0
175,2,6.7,1,102,0,0,0
101,4,2.3,3,256,0,0,0
104,1,1.0,3,0,0,0,0
155,4,0.1,3,0,1,0,1
58,1,2.4,1,0,0,0,0
80,4,2.2,2,0,0,0,0
45,1,1.8,3,195,0,0,0
134,1,4.6,1,164,0,1,0
58,4,2.0,3,153,0,1,0
20,1,0.2,1,0,0,0,0
25,4,1.5,3,0,0,0,0
55,1,0.3,1,0,0,0,0
155,1,1.3,1,0,0,0,0
30,1,1.3,1,0,0,0,0
39,4,0.4,1,0,0,0,0
73,4,2.0,3,188,0,0,0
41,4,1.3,1,0,0,0,0
34,4,0.1,3,157,0,0,0
21,3,0.9,3,119,0,0,0
11,4,0.3,1,0,0,1,1
154,2,6.9,1,0,0,0,0
19,4,0.4,3,0,0,0,0
101,2,2.4,2,0,0,0,0
24,1,1.0,1,116,0,0,0
131,2,2.7,1,0,0,1,0
105,1,4.0,1,0,0,0,0
52,1,1.2,2,194,0,0,0
21,4,0.9,2,113,0,1,0
45,3,1.4,1,198,0,0,0
39,1,2.0,1,0,0,0,0
192,2,2.8,1,238,0,0,0
195,1,4.3,1,0,0,0,0
83,3,0.7,1,0,0,0,0
34,3,1.0,2,0,0,1,0
49,4,1.7,2,104,0,0,0
60,4,4.0,3,244,0,0,0
41,4,1.8,1,0,0,0,0
72,3,2.3,1,285,0,0,0
102,4,3.0,2,115,1,0,0
31,3,1.3,1,0,0,0,0
73,1,1.5,2,128,0,0,0
89,1,0.0,1,0,0,0,0
19,4,0.7,3,121,0,1,0
63,4,1.2,2,0,0,0,0
104,3,1.2,3,0,0,0,0
40,1,0.8,2,128,0,0,0
92,2,0.0,3,0,0,0,0
72,2,0.7,2,226,0,0,0
44,3,1.9,2,141,0,0,0
114,4,3.5,1,0,1,0,0
73,4,2.4,1,0,0,0,0
63,4,1.2,2,0,0,1,0
69,1,0.8,3,184,0,0,1
42,3,1.5,1,0,0,0,0
88,1,2.7,1,0,0,0,0
98,2,0.4,1,0,0,0,0
65,1,3.0,1,227,1,0,0
12,2,0.3,2,104,0,1,0
122,4,3.0,1,0,1,0,0
12,2,0.0,3,0,0,0,0
24,2,0.2,1,0,0,0,0
170,4,4.25,1,318,1,0,1
184,4,2.3,2,342,1,0,1
25,4,0.6,3,125,0,0,0
131,2,2.7,1,0,0,0,0
50,2,2.3,3,0,0,0,0
21,2,0.4,1,0,0,1,0
55,3,1.1,2,0,0,0,0
124,1,0.2,2,0,1,0,0
58,4,2.6,1,188,0,0,0
72,2,2.8,1,0,0,0,0
192,1,7.0,3,0,1,0,1
83,3,1.8,2,0,0,0,0
93,1,2.8,1,0,0,1,0
38,3,1.0,3,110,0,1,0
55,4,1.9,3,164,0,1,0
11,3,0.1,3,0,0,1,0
85,2,0.4,1,0,0,1,0
124,1,4.9,1,266,0,0,0
129,2,6.0,1,0,0,0,0
180,1,4.3,1,0,0,0,0
74,4,1.4,2,0,0,0,0
138,1,7.0,3,86,1,0,0
111,2,3.6,3,0,1,0,0
83,3,0.8,1,0,0,0,0
33,4,1.7,1,87,0,0,0
21,4,0.7,3,0,0,0,0
35,2,0.3,1,98,0,0,0
105,1,0.8,3,0,0,1,1
103,1,0.8,2,0,0,0,0
75,2,2.3,3,0,0,0,0
33,1,0.7,1,104,0,0,0
52,4,1.7,2,0,0,1,0
89,1,2.6,2,0,0,1,1
63,1,2.5,3,0,0,0,0
84,4,3.1,2,0,1,1,1
44,4,2.1,1,0,0,0,0
29,3,1.0,1,0,0,0,0
29,1,0.3,3,0,0,0,0
22,2,0.3,2,0,0,0,0
53,4,2.2,1,114,0,0,0
24,2,0.3,2,0,0,0,0
153,1,1.3,1,455,0,0,0
31,2,0.3,2,0,0,1,0
21,2,0.7,2,0,0,0,0
180,2,6.7,1,0,0,0,0
82,3,0.7,2,0,0,0,0
90,4,0.8,1,245,0,1,0
154,4,7.4,3,0,1,0,0
99,2,1.8,2,0,0,0,0
153,1,2.6,2,0,1,1,1
93,2,3.1,2,0,1,0,0
53,1,0.0,2,0,0,0,0
18,3,1.3,2,104,0,0,1
70,1,2.9,1,0,0,0,0
100,4,1.7,3,0,0,0,0
193,3,6.3,3,0,1,0,0
125,1,0.0,1,0,0,0,0
68,2,0.0,3,0,0,1,0
55,1,2.0,1,95,0,0,0
152,4,3.6,3,0,1,0,0
84,3,1.5,1,0,0,0,0
13,2,0.0,3,0,0,0,0
33,4,0.4,1,131,0,0,0
89,4,1.0,2,90,0,1,0
93,1,2.4,1,0,0,0,0
68,4,1.8,3,0,0,0,0
85,2,1.7,2,0,0,0,0
73,1,0.8,2,0,0,0,0
83,4,2.2,2,106,0,0,0
158,2,6.3,3,0,1,0,0
182,4,6.0,3,0,1,0,0
24,2,0.9,3,123,0,0,0
102,2,2.0,1,0,0,0,0
53,3,2.8,1,0,0,0,0
175,2,3.3,1,0,0,0,0
28,3,1.0,1,0,0,0,0
14,4,0.8,1,0,0,0,0
139,1,4.0,3,106,1,0,1
34,3,0.9,1,0,0,0,0
64,1,1.5,3,0,0,0,0
84,4,0.1,2,0,0,0,0
42,3,0.5,2,0,0,1,0
63,1,1.6,1,0,0,0,0
100,3,1.2,3,341,0,0,0
190,2,4.2,2,0,1,0,0
22,1,1.0,1,91,0,0,0
20,1,0.8,2,0,0,1,0
21,2,1.4,2,0,0,0,0
25,4,0.4,2,101,0,0,0
20,4,1.1,3,0,0,0,0
173,3,0.2,1,0,1,0,1
81,2,2.5,1,0,0,0,0
139,2,0.8,2,421,1,0,0
119,2,3.9,1,0,0,1,0
74,4,2.6,3,104,0,0,0
42,1,1.5,2,131,0,0,0
73,2,1.1,1,0,0,0,0
114,4,5.2,1,0,1,1,1
44,2,1.0,3,0,0,0,0
141,2,4.33,1,0,0,0,0
14,2,0.0,1,103,0,0,0
33,2,0.4,3,0,0,0,0
83,2,2.0,1,249,0,0,0
89,4,0.8,1,155,0,0,0
39,4,2.2,1,0,0,1,0
83,3,2.0,3,0,0,0,0
108,2,2.0,1,359,0,0,0
21,3,1.3,2,0,0,0,0
102,1,1.9,1,0,0,0,0
48,1,1.6,3,0,0,0,0
32,3,1.4,1,0,0,0,0
43,1,0.2,1,0,0,0,0
35,4,0.4,2,118,0,0,0
184,1,6.0,1,0,0,0,0
140,2,7.6,1,132,0,0,0
32,3,0.7,2,0,0,0,0
149,1,1.7,1,0,0,0,0
15,4,0.6,3,0,0,0,0
71,3,2.33,2,0,0,0,0
108,4,1.8,2,0,0,0,0
122,2,0.5,1,0,0,0,0
40,3,0.1,3,0,0,0,0
198,2,6.67,1,0,0,0,0
79,4,1.4,2,0,0,1,0
84,1,0.1,3,0,0,0,0
31,3,0.4,2,0,0,0,0
12,4,0.6,3,0,0,0,0
88,2,1.6,1,0,0,0,0
29,2,0.3,2,131,0,0,0
201,1,6.33,1,158,0,0,0
20,1,1.4,3,0,0,0,0
15,1,1.0,1,0,0,0,0
155,2,0.4,1,107,0,0,0
25,3,0.2,2,0,0,0,0
200,2,6.5,1,565,0,0,0
101,1,2.7,2,233,0,0,0
19,4,0.4,2,0,0,0,0
188,2,6.5,1,0,0,0,0
8,1,0.3,1,0,0,0,0
59,2,2.3,3,152,0,0,0
72,4,2.6,1,0,0,1,1
55,1,1.5,3,0,0,0,0
24,3,0.67,2,0,0,0,0
19,1,1.3,1,0,0,0,0
71,2,2.3,3,150,0,0,0
54,2,1.5,2,0,0,0,0
28,1,0.3,3,0,0,0,0
25,4,0.4,3,0,0,0,0
51,2,0.6,3,0,0,0,0
125,3,2.4,1,0,1,0,0
88,2,1.8,2,319,0,0,0
125,2,2.2,1,0,0,0,0
79,4,2.1,3,182,0,0,0
31,3,0.4,2,0,0,0,0
131,2,2.7,1,394,0,0,0
70,1,0.2,2,230,0,1,0
38,3,0.9,3,82,0,0,0
83,1,2.5,1,0,0,1,1
59,1,2.4,1,0,0,1,1
121,1,4.7,1,0,0,0,0
42,2,0.7,3,137,0,0,0
32,4,1.8,1,109,0,0,0
29,4,0.8,1,135,0,0,0
40,2,1.1,2,0,0,1,0
25,3,0.3,3,0,0,0,0
21,4,0.4,2,89,0,0,0
79,3,0.7,2,151,0,0,0
52,2,2.1,3,221,0,0,0
61,4,1.7,2,229,0,0,0
25,2,0.2,1,0,0,0,0
155,1,7.4,3,0,1,0,0
25,2,0.4,1,0,0,0,0
80,4,4.9,1,0,0,0,0
55,4,1.7,2,0,0,0,0
23,2,0.0,3,0,0,0,0
60,1,1.2,1,0,0,0,0
54,2,0.7,1,0,0,0,0
44,4,0.8,1,0,0,0,0
33,4,0.0,2,0,0,0,0
45,2,2.0,2,121,0,0,0
55,4,1.67,3,89,0,0,0
134,1,5.0,1,0,0,0,0
44,3,0.6,2,0,0,0,0
149,2,7.2,1,154,0,0,0
22,2,0.2,3,0,0,1,0
74,3,2.33,2,0,0,0,0
128,4,5.3,1,84,1,0,0
62,4,2.2,1,0,0,0,0
9,1,0.1,1,94,0,0,0
9,2,0.7,3,0,0,0,0
15,2,0.3,2,119,0,0,0
28,4,0.8,1,0,0,0,0
83,3,0.5,3,0,0,0,0
73,1,0.8,3,117,0,0,0
42,4,1.1,2,151,0,0,0
34,2,0.7,2,114,0,0,0
32,3,1.0,2,0,0,0,0
68,1,2.8,1,0,0,0,0
82,1,2.9,1,267,0,0,0
19,2,0.7,2,0,0,0,0
60,2,2.8,1,181,0,0,0
192,1,1.7,1,601,0,0,0
119,3,2.0,1,0,1,1,1
190,2,4.5,1,0,0,0,0
34,1,1.5,2,0,0,0,0
44,4,0.2,1,0,0,1,1
23,4,0.2,3,0,0,0,0
171,4,0.7,1,567,1,0,1
43,1,0.3,3,0,0,1,0
139,1,0.0,1,0,0,0,1
118,1,5.7,1,0,0,0,1
113,3,0.8,3,0,1,0,0
98,3,3.9,3,0,1,0,0
70,1,2.9,1,0,0,0,0
42,2,2.1,3,0,0,0,0
143,1,8.6,1,0,0,0,0
185,3,2.7,1,0,1,0,0
28,4,0.4,2,100,0,0,0
45,3,1.5,1,181,0,1,1
78,1,2.6,2,0,0,0,0
121,2,1.3,1,0,0,0,0
59,1,1.6,1,0,0,0,0
64,4,2.67,1,0,0,1,0
15,2,0.0,1,114,0,0,0
10,1,0.1,1,0,0,0,0
61,2,0.4,3,0,0,0,0
50,4,1.5,1,0,0,0,0
79,4,2.1,3,0,0,1,0
35,1,0.2,1,0,0,0,0
11,4,0.5,3,0,0,0,0
128,1,4.7,1,0,0,0,0
55,3,0.9,3,0,0,0,0
79,3,0.7,2,0,0,0,0
18,2,0.4,1,0,0,1,1
91,2,1.7,2,0,0,1,0
9,4,0.2,3,0,0,0,0
62,2,2.2,3,0,0,0,0
59,1,1.6,1,231,0,0,0
25,1,0.1,1,148,0,0,0
54,4,1.3,1,0,0,1,0
112,1,5.1,2,86,1,1,1
125,1,0.0,1,0,0,0,0
194,4,8.3,2,0,1,0,0
161,1,5.8,3,0,1,1,0
35,1,0.2,1,171,0,0,0
113,2,2.7,1,352,0,0,0
25,2,0.3,2,0,0,0,0
45,3,2.0,3,0,0,0,0
119,2,7.8,1,221,0,0,0
30,4,0.4,2,115,0,0,0
79,4,3.8,2,0,0,1,0
178,1,0.8,3,0,1,0,0
23,2,0.3,2,118,0,0,0
171,2,1.4,1,284,0,0,0
74,4,1.9,3,0,0,0,0
103,3,1.0,1,180,0,0,0
99,1,4.0,1,0,0,0,0
43,4,1.3,3,0,0,0,0
23,4,0.4,3,88,0,0,0
91,1,0.1,2,199,0,0,0
93,1,2.7,2,256,0,0,0
154,1,6.0,1,0,0,0,0
21,3,0.1,3,0,0,0,0
65,2,2.2,3,0,0,0,0
15,1,0.1,2,0,0,0,0
52,3,2.6,3,159,0,0,0
30,3,1.3,1,0,0,1,1
42,1,1.6,2,0,0,0,0
20,4,0.3,1,97,0,0,0
60,4,2.2,2,0,0,0,0
54,4,1.8,3,167,0,0,0
60,4,2.6,1,97,0,0,0
41,3,1.0,2,0,0,0,0
30,3,0.7,2,0,0,0,0
21,2,1.0,2,0,0,0,0
105,1,0.8,2,0,0,0,0
65,3,2.8,1,240,0,0,0
20,2,0.4,1,80,0,0,0
179,3,4.9,1,142,1,0,0
161,1,2.9,1,0,0,1,1
82,1,3.7,3,0,0,0,0
43,1,1.2,2,112,0,0,0
61,2,2.8,1,0,0,0,0
90,4,1.8,3,0,0,1,0
90,1,2.6,2,334,0,0,0
21,2,0.4,1,0,0,0,0
118,1,5.4,1,0,0,0,0
44,2,2.0,2,0,0,0,0
110,1,4.1,3,0,1,0,0
99,4,1.8,2,268,0,0,0
98,3,1.1,1,0,0,0,0
69,3,0.7,2,80,0,0,0
82,3,0.9,2,218,0,0,0
112,3,2.5,1,389,0,1,0
123,1,2.9,1,0,0,0,0
78,1,2.67,2,0,0,0,0
59,3,0.8,1,159,0,1,0
78,3,1.7,2,0,0,0,0
49,4,1.9,3,89,0,0,0
82,3,2.67,2,0,0,0,0
125,3,0.6,1,342,1,0,1
185,1,2.9,1,0,0,0,0
163,1,7.4,1,0,0,0,0
19,4,1.1,3,104,0,0,1
115,4,1.7,2,0,0,0,0
81,2,2.0,2,0,0,0,1
93,1,2.8,3,0,0,0,0
111,4,0.3,1,372,1,1,1
184,1,8.1,1,0,0,0,0
50,4,2.2,2,0,0,0,0
55,3,1.7,1,0,0,0,0
13,1,0.4,3,101,0,1,0
29,4,0.1,1,0,0,0,0
72,4,2.6,1,0,0,0,0
83,1,2.6,2,0,0,1,0
98,1,0.1,3,0,0,0,0
43,4,0.1,1,0,0,0,0
34,1,0.2,1,0,0,0,0
10,4,0.4,2,0,0,0,0
201,2,6.67,1,0,0,1,0
85,3,1.2,3,107,0,0,0
50,3,1.4,3,0,0,0,0
91,2,0.0,1,0,0,0,0
112,2,2.0,1,241,0,0,0
98,2,0.4,1,275,0,0,0
115,1,0.3,1,0,0,0,0
22,4,0.5,2,112,0,0,0
101,3,1.7,2,0,0,0,0
83,2,3.8,3,112,0,0,0
52,3,0.5,2,0,0,0,0
191,3,4.8,2,0,1,1,1
134,4,0.9,1,198,1,0,0
54,1,1.6,2,186,0,0,0
69,3,2.1,1,0,0,1,0
64,3,1.6,3,0,0,0,0
53,4,1.67,3,142,0,0,0
118,2,6.0,3,246,1,0,1
19,2,1.4,2,120,0,0,0
31,2,0.4,3,0,0,0,0
63,1,0.8,3,245,0,0,0
25,1,1.4,3,0,0,0,0
22,1,0.2,1,0,0,0,0
78,1,1.8,3,0,0,0,0
81,1,0.3,1,218,0,0,0
41,1,2.4,2,0,0,0,0
62,3,2.3,1,0,0,0,0
35,1,1.2,3,0,0,0,0
30,1,0.6,3,0,0,0,0
51,3,1.0,2,0,0,0,0
140,2,2.0,1,0,0,0,0
73,3,2.4,1,185,0,0,0
40,4,1.2,2,0,0,0,0
69,1,0.8,3,0,0,0,0
191,1,4.8,3,0,1,0,1
82,3,3.0,2,0,0,0,0
181,1,3.3,3,589,1,1,1
38,1,1.9,3,0,0,0,0
23,2,0.2,1,0,0,0,0
55,1,1.8,3,0,0,0,0
58,2,3.2,1,0,0,0,0
29,2,0.5,2,0,0,0,0
39,4,2.6,1,0,0,0,0
39,3,1.9,2,83,0,0,1
30,3,1.5,1,151,0,1,0
58,4,2.0,3,0,0,0,0
62,1,1.8,3,231,0,0,0
62,4,2.4,1,86,0,0,0
19,1,1.2,3,0,0,0,0
38,1,1.5,2,0,0,0,0
84,4,2.0,3,0,0,0,0
78,1,2.6,2,0,0,0,0
22,4,0.2,1,83,0,0,0
81,4,2.0,3,277,0,0,0
32,3,0.5,2,0,0,0,0
89,4,0.8,1,184,0,0,0
121,2,3.3,1,0,0,0,0
42,1,1.5,1,0,0,0,0
130,1,1.0,1,0,0,0,0
30,4,0.0,2,0,0,0,0
114,1,4.9,1,0,0,0,0
155,1,6.33,1,0,0,0,0
50,2,1.1,1,0,0,0,0
34,1,1.5,2,111,0,0,0
94,3,0.5,3,0,0,0,0
114,2,2.4,2,0,0,0,0
89,3,0.5,3,108,0,0,0
49,1,1.4,3,0,0,0,0
115,1,2.0,1,0,0,0,0
148,1,1.5,1,397,0,0,0
72,4,1.1,2,203,0,0,0
114,4,2.1,3,0,0,0,0
11,2,0.0,1,78,0,0,0
63,4,0.2,3,242,0,0,0
113,2,0.2,1,0,0,0,0
80,2,1.8,1,0,0,0,0
54,3,0.5,3,0,0,0,0
32,2,1.4,3,0,0,1,0
11,1,1.0,1,0,0,0,0
141,1,2.4,1,0,0,0,0
84,3,3.0,2,0,0,0,0
18,3,0.1,2,110,0,0,0
20,2,0.3,1,0,0,0,0
55,4,1.7,2,175,0,0,0
31,4,0.4,2,79,0,0,0
114,2,0.4,1,0,0,0,0
52,3,2.0,2,0,0,1,1
18,1,0.3,1,120,0,0,0
55,1,1.8,3,0,0,1,0
29,1,0.2,3,76,0,0,0
30,3,0.5,1,0,0,0,0
38,2,0.8,1,0,0,0,0
122,2,3.1,1,0,0,0,0
183,1,6.0,1,0,0,0,0
41,1,2.4,2,0,0,0,0
38,1,1.4,3,0,0,0,0
61,1,1.8,3,0,0,0,0
103,3,4.0,3,0,1,0,0
80,2,2.4,2,0,0,0,0
22,1,0.1,2,0,0,0,0
128,2,3.25,2,0,1,0,0
142,3,4.2,1,359,1,0,0
124,1,4.7,1,0,0,0,0
44,1,1.9,3,143,0,0,0
170,2,6.5,2,0,1,0,1
75,4,0.1,2,0,0,0,1
78,3,2.0,2,0,0,0,0
31,1,1.1,3,125,0,0,0
99,1,1.9,1,323,0,0,0
41,2,1.5,1,0,0,0,0
39,4,0.0,2,0,0,0,0
51,1,1.4,1,0,0,0,0
52,3,0.8,3,113,0,0,0
169,3,5.67,3,167,1,0,1
141,1,0.8,1,0,0,0,0
93,4,0.8,1,218,0,0,0
14,3,1.0,2,0,0,1,0
160,2,2.1,1,0,0,0,0
44,1,0.2,1,0,0,1,1
33,3,0.2,1,0,0,1,0
103,4,4.8,3,0,1,0,0
71,4,1.8,3,236,0,0,0
55,1,0.2,1,151,0,0,0
113,4,0.2,1,0,1,0,0
79,3,2.0,2,185,0,1,0
80,2,0.7,2,0,0,0,0
179,2,0.0,1,380,0,0,0
9,2,0.0,3,0,0,0,0
61,4,2.0,2,0,0,0,0
111,2,3.9,1,207,0,1,1
80,3,0.5,1,0,0,0,0
32,3,0.2,1,0,0,1,0
83,1,0.3,1,0,0,0,0
91,4,1.9,2,329,0,0,0
29,4,1.0,1,0,0,0,0
19,3,0.67,2,0,0,0,0
52,2,1.0,2,0,0,0,0
150,1,7.3,1,0,0,0,0
32,2,0.4,3,0,0,0,0
91,3,0.5,3,0,0,0,0
180,3,8.5,2,535,1,0,0
121,1,0.3,1,0,0,0,0
25,2,0.2,3,0,0,0,0
102,1,0.3,1,0,0,0,0
44,4,0.9,2,107,0,0,0
161,3,8.0,2,0,1,0,1
134,3,4.0,2,0,1,0,0
43,1,1.8,2,0,0,0,0
94,4,1.1,2,0,0,0,0
29,2,0.8,3,98,0,0,0
38,4,0.2,1,0,0,0,0
120,1,0.8,1,170,0,0,0
85,2,2.0,1,161,0,1,1
89,2,1.9,1,0,0,0,0
25,1,1.4,3,0,0,0,0
20,3,1.3,1,83,0,0,0
125,2,3.9,1,0,0,0,0
18,1,0.6,3,0,0,0,0
173,2,6.7,1,222,0,0,0
34,4,0.1,3,0,0,0,0
159,4,4.9,2,111,1,0,0
55,3,2.5,1,219,0,0,1
32,2,0.4,3,0,0,0,0
65,4,1.8,3,0,0,0,0
83,3,1.5,1,0,0,0,0
30,2,1.4,2,0,0,0,0
180,1,2.9,1,0,0,0,0
13,2,0.3,3,0,0,0,0
35,4,0.8,1,0,0,0,0
95,3,0.5,1,0,0,0,0
83,1,0.0,1,0,0,0,0
39,4,0.2,1,137,0,0,0
54,1,0.7,3,154,0,0,0
81,1,1.3,3,293,0,0,0
53,4,2.0,3,0,0,0,0
119,1,7.3,1,398,0,0,0
160,4,8.0,3,0,1,0,0
21,2,1.0,2,0,0,0,0
40,1,1.0,3,0,0,0,0
69,4,0.1,2,0,0,0,0
45,1,1.3,2,0,0,0,0
55,4,2.0,2,0,0,0,0
38,1,0.2,3,0,0,0,0
44,4,1.0,2,101,0,1,0
45,3,0.6,2,117,0,0,0
84,1,0.8,2,0,0,0,0
188,2,6.9,2,343,1,0,0
29,3,2.0,3,151,0,1,0
95,1,2.7,2,0,0,0,0
79,1,2.9,1,307,0,0,0
41,1,2.0,2,0,0,1,0
19,4,0.4,3,84,0,0,0
75,4,3.6,3,0,0,0,0
64,3,2.5,1,208,0,0,0
174,4,3.2,3,0,1,0,0
54,2,2.3,3,93,0,0,0
14,3,0.1,2,113,0,0,0
94,1,3.8,1,272,0,0,0
10,2,0.4,1,0,0,0,0
145,1,0.8,1,84,0,0,0
203,1,10.0,3,0,1,0,0
81,2,1.6,3,0,0,0,0
153,2,6.5,1,0,0,0,0
58,4,0.2,3,0,0,0,0
49,4,1.8,3,0,0,0,0
132,1,2.9,1,0,0,0,0
85,4,0.2,3,229,0,0,0
85,3,2.67,1,0,0,1,0
178,1,6.5,3,0,1,0,0
104,3,2.5,1,0,0,0,0
40,1,1.6,1,0,0,0,0
103,1,1.9,1,120,0,0,0
25,2,1.0,1,0,0,0,0
69,2,1.7,3,0,0,0,0
30,3,1.4,1,0,0,0,0
70,3,2.67,2,0,0,0,0
15,3,0.9,3,0,0,0,0
125,2,1.3,1,0,0,0,0
50,3,0.5,3,0,0,0,0
44,1,0.3,3,0,0,0,0
38,4,2.2,2,180,0,0,0
64,3,0.8,1,119,0,0,0
9,1,0.1,2,0,0,0,0
44,3,0.9,1,89,0,0,0
93,4,0.8,1,101,0,0,0
83,4,0.4,1,141,0,0,0
179,2,0.0,1,0,0,0,0
40,1,1.1,3,0,0,0,0
58,4,0.7,3,232,0,0,0
74,3,2.67,1,0,0,0,0
15,1,0.2,1,0,0,0,0
11,2,1.0,1,0,0,0,0
41,1,2.0,2,176,0,0,0
68,1,1.5,2,120,0,0,0
28,1,0.75,3,0,0,1,0
115,1,1.2,3,0,1,0,0
83,4,0.1,2,247,0,0,0
40,2,1.1,2,166,0,1,0
113,1,0.1,3,0,0,0,0
89,1,0.8,3,0,0,1,0
38,4,1.6,1,0,0,0,0
62,4,1.5,1,0,0,0,0
65,3,1.7,1,109,0,0,0
168,3,5.67,2,0,1,1,1
40,3,1.7,1,0,0,0,0
30,1,1.0,3,80,0,0,0
20,4,1.0,1,0,0,0,0
58,2,3.2,3,0,0,0,0
150,1,7.3,1,193,0,0,0
54,1,0.8,1,0,0,1,0
19,2,0.3,2,105,0,0,0
30,3,0.1,3,128,0,0,0
123,1,5.2,1,0,0,0,0
45,1,2.4,2,0,0,0,0
154,1,2.9,1,0,0,0,0
93,2,2.7,1,0,0,0,0
71,4,0.2,1,78,0,1,0
83,4,3.1,1,0,1,0,0
99,1,4.8,3,255,1,0,0
55,3,2.2,2,0,0,0,0
38,4,0.9,2,95,0,0,0
74,3,0.9,2,155,0,0,0
69,4,1.8,3,0,0,0,0
104,2,2.5,1,184,0,1,0
38,4,1.0,3,154,0,0,0
25,3,0.9,3,0,0,0,0
162,1,1.3,1,0,0,0,0
64,4,2.6,3,0,0,0,0
30,2,0.7,2,0,0,0,0
52,3,0.5,3,0,0,1,0
42,1,1.5,3,0,0,0,0
79,2,1.8,2,219,0,0,0
34,1,1.7,1,164,0,0,0
123,2,3.1,1,0,0,0,0
160,2,3.3,1,0,0,0,0
51,3,2.33,2,0,0,0,0
108,1,4.0,1,0,0,0,0
158,2,2.3,2,0,1,0,1
68,1,1.5,2,0,0,0,0
42,2,1.6,3,0,0,0,0
32,1,0.75,3,105,0,0,0
22,2,1.4,3,0,0,0,0
29,2,2.0,3,0,0,0,0
183,2,3.4,3,0,1,0,0
69,1,1.6,3,0,0,0,0
92,2,0.2,1,0,0,0,0
40,2,1.0,3,0,0,0,0
9,4,0.5,3,86,0,0,0
128,1,0.6,1,0,0,0,0
110,2,0.2,1,294,0,1,0
171,2,8.0,1,0,0,0,0
13,4,1.0,1,95,0,0,0
25,2,0.1,3,102,0,0,0
123,1,1.6,2,0,1,0,0
33,4,0.2,1,83,0,0,0
189,4,4.75,2,0,1,0,0
34,1,0.3,3,0,0,0,0
58,1,0.0,2,0,0,0,0
51,1,1.3,2,98,0,0,0
29,2,1.3,1,0,0,0,0
111,2,0.4,1,0,0,0,0
43,4,1.9,3,0,0,0,0
130,1,0.6,1,311,0,0,0
20,2,0.4,1,76,0,0,0
101,2,2.8,1,0,0,0,0
48,4,2.2,2,207,0,0,0
180,1,2.8,3,158,1,0,0
92,2,0.0,3,185,0,1,0
33,3,0.9,1,0,0,0,0
51,2,1.9,2,0,0,0,0
31,2,1.4,2,94,0,0,0
83,1,2.7,1,0,0,0,0
45,1,0.8,1,0,0,0,0
89,1,0.8,3,146,0,0,0
193,3,4.0,2,0,1,0,0
89,1,3.8,1,0,0,0,0
162,4,3.3,2,446,1,0,1
9,2,0.3,2,0,0,0,0
58,4,2.0,3,223,0,0,0
80,1,0.8,3,0,0,0,0
73,2,1.7,3,0,0,0,0
41,1,0.3,1,0,0,0,0
74,3,2.0,2,0,0,1,0
29,2,1.4,3,0,0,0,0
25,4,0.4,3,115,0,0,0
98,1,5.4,1,0,0,0,0
59,4,1.7,2,0,0,0,0
43,4,1.9,3,0,0,0,0
72,4,1.4,2,149,0,0,0
183,1,3.0,3,0,1,0,1
134,1,5.7,1,146,0,1,0
140,2,0.5,1,262,0,0,0
39,1,1.8,3,0,0,0,0
35,4,0.4,2,0,0,0,0
141,2,6.9,1,0,0,0,0
23,1,0.5,2,0,0,0,0
134,1,0.0,1,0,0,0,0
35,1,1.4,3,0,0,0,0
42,4,2.5,1,0,0,1,0
81,4,0.2,3,167,0,1,0
14,4,0.4,1,94,0,0,0
45,1,1.8,1,172,0,1,0
79,3,1.7,2,150,0,0,0
53,1,0.8,2,120,0,0,0
33,2,0.7,2,0,0,0,0
190,3,3.1,2,266,1,0,0
60,1,2.5,3,103,0,0,0
8,1,0.8,2,97,0,0,0
38,3,1.0,2,150,0,0,0
154,1,5.0,1,0,0,0,0
54,4,2.2,2,0,0,0,0
41,3,1.4,1,0,0,0,0
25,2,0.3,1,75,0,0,0
53,2,1.7,1,109,0,0,0
79,1,0.1,1,0,0,0,0
13,4,0.9,2,76,0,0,1
130,2,1.4,1,0,0,0,0
93,2,0.7,2,0,0,0,0
82,3,0.8,1,0,0,0,0
15,2,0.3,2,92,0,0,0
150,4,5.0,2,0,1,0,0
131,2,0.7,2,0,1,0,0
28,3,1.5,1,0,0,0,0
9,4,0.7,2,0,0,0,0
88,4,1.4,2,0,0,0,0
143,1,4.1,1,0,0,0,0
168,2,1.3,3,0,1,0,0
105,1,3.0,2,0,1,1,0
62,3,2.1,3,0,0,0,0
51,4,2.6,1,0,0,0,0
101,3,4.4,1,0,0,0,0
90,3,0.8,1,0,0,0,0
83,4,2.1,3,0,0,0,0
21,2,0.0,3,0,0,0,0
115,1,3.4,1,0,0,0,0
172,4,4.4,1,0,1,0,0
32,2,1.0,2,0,0,0,0
204,2,4.5,1,0,0,0,0
34,4,0.6,1,0,0,0,1
30,2,2.0,3,132,0,0,0
31,3,1.3,2,0,0,0,0
90,2,2.7,1,0,0,0,0
79,4,2.6,3,0,0,0,0
22,4,0.6,1,0,0,0,0
114,1,2.4,3,0,1,0,0
42,1,0.5,3,128,0,0,0
29,1,0.2,3,90,0,0,0
72,3,2.6,2,0,0,0,0
68,1,1.8,3,95,0,0,0
78,4,0.7,3,0,0,0,0
90,1,2.7,1,323,0,0,0
170,2,2.1,2,0,1,0,0
14,2,0.1,2,0,0,0,0
129,2,1.9,1,0,0,0,0
39,3,1.0,3,87,0,0,0
82,2,0.2,1,0,0,0,0
31,3,0.4,2,0,0,0,0
9,4,0.5,2,0,0,0,0
15,3,0.1,3,91,0,0,0
70,3,2.2,1,0,0,0,0
84,4,0.7,3,0,0,0,0
155,1,7.0,1,0,0,0,0
89,2,0.8,3,0,0,0,0
170,3,4.7,1,0,1,0,0
185,2,6.7,1,0,0,0,1
82,2,2.2,1,0,0,0,0
60,3,1.7,1,0,0,0,0
58,2,2.4,2,0,0,0,0
29,1,1.33,1,81,0,0,0
32,2,0.3,1,0,0,0,0
115,4,3.4,2,0,0,0,0
83,2,2.4,2,0,0,0,0
54,3,0.3,2,0,0,0,0
112,4,1.8,3,0,0,1,0
182,2,1.4,2,0,1,0,0
112,2,6.8,1,0,0,0,0
129,3,5.9,3,319,1,1,1
23,1,0.8,2,112,0,0,0
198,2,3.0,1,422,0,0,0
84,4,2.0,3,0,0,0,0
39,3,0.5,3,0,0,0,0
129,1,1.3,1,0,0,0,0
113,2,2.0,2,315,0,0,0
35,1,0.75,3,114,0,0,0
85,1,0.1,3,0,0,0,0
73,4,2.9,1,0,0,0,0
70,1,0.8,3,0,0,1,0
130,3,4.4,1,192,1,0,0
39,1,1.5,1,0,0,0,0
72,4,1.8,2,242,0,0,0
68,4,2.3,3,0,0,0,0
35,1,1.4,3,0,0,0,0
61,3,0.7,1,0,0,1,1
69,4,1.9,1,0,0,0,0
59,1,3.6,2,0,0,0,0
99,2,4.5,3,217,0,0,0
201,1,10.0,2,0,1,0,0
130,2,7.5,1,0,0,0,0
72,3,2.0,2,0,0,0,0
44,1,1.2,1,0,0,0,0
91,1,1.5,3,289,0,0,0
92,3,0.5,1,310,0,0,0
55,1,0.8,1,168,0,0,0
20,3,0.5,1,102,0,0,0
89,1,4.1,1,299,1,0,1
59,2,1.5,2,239,0,0,0
8,3,0.1,3,87,0,0,0
85,4,4.9,1,0,0,0,0
94,1,4.3,1,76,0,1,1
22,2,0.4,1,0,0,0,0
74,2,3.2,3,0,0,0,0
59,3,2.67,2,0,0,0,0
12,4,0.6,2,0,0,0,0
8,1,0.4,2,0,0,0,0
74,3,1.6,3,0,0,0,0
184,4,3.4,2,0,1,0,1
34,4,0.0,2,0,0,0,0
63,2,0.8,3,0,0,1,0
123,2,5.6,2,0,1,0,1
85,2,1.6,3,0,0,0,0
109,3,0.5,3,0,1,1,1
31,1,0.6,3,0,0,0,0
61,2,2.4,2,90,0,0,0
88,2,1.6,1,0,0,0,0
22,2,0.3,2,0,0,0,0
63,4,2.2,2,0,0,1,0
80,4,0.2,1,0,0,0,0
78,3,2.1,1,0,0,0,0
45,4,0.1,1,93,0,0,0
51,4,2.1,3,0,0,0,0
111,2,1.5,3,0,0,0,0
45,3,2.8,1,153,0,0,0
184,2,4.8,2,0,1,0,0
41,2,1.0,2,112,0,1,0
69,4,1.3,3,0,0,1,1
23,3,0.2,1,0,0,0,0
160,2,6.67,1,0,0,0,0
61,1,0.8,2,251,0,1,1
110,2,6.1,1,182,0,0,0
50,2,0.6,3,0,0,0,0
49,1,2.4,2,0,0,0,0
185,4,7.5,2,428,1,0,0
52,2,1.1,1,0,0,0,0
53,2,2.8,1,0,0,0,0
125,4,3.5,2,0,1,0,0
72,3,1.6,1,0,0,0,0
51,4,1.8,3,0,0,0,0
23,3,0.5,1,0,0,1,0
41,1,1.9,3,0,0,0,0
41,3,2.0,1,108,0,0,0
138,1,4.67,2,0,1,0,0
138,2,3.3,1,0,0,0,0
14,4,0.8,1,0,0,0,0
145,2,8.0,1,505,0,0,0
25,3,1.0,2,0,0,0,0
43,1,1.7,1,142,0,0,0
93,1,0.2,2,309,0,0,0
90,2,0.3,1,217,0,1,0
41,2,1.0,3,154,0,1,0
169,2,6.1,3,106,1,0,1
63,2,2.2,3,0,0,0,0
23,3,0.67,2,95,0,0,0
140,4,0.5,1,0,1,0,0
75,1,1.5,3,0,0,0,0
13,4,0.9,2,78,0,1,0
10,1,0.5,3,81,0,0,0
100,1,0.8,2,0,0,0,0
85,3,1.1,1,203,0,0,0
73,3,2.67,1,219,0,0,0
130,2,6.7,1,0,0,0,0
65,3,2.7,2,0,0,0,0
59,4,1.7,1,148,0,0,0
31,2,1.0,3,0,0,0,0
134,1,4.0,1,0,0,0,0
11,4,0.2,1,106,0,0,0
32,1,0.3,3,80,0,0,0
53,2,1.6,3,0,0,0,0
28,1,0.7,1,0,0,0,0
44,2,1.0,3,0,0,0,0
40,1,0.8,1,118,0,0,0
40,3,0.6,2,0,0,0,0
163,2,0.5,1,400,0,0,0
82,1,1.3,3,0,0,0,0
89,4,1.4,2,0,0,0,0
78,4,1.6,2,0,0,0,0
55,3,0.9,3,197,0,0,0
34,4,0.4,2,0,0,0,0
108,4,3.67,2,301,1,0,0
58,4,2.2,2,0,0,0,0
73,4,2.6,1,0,0,0,0
54,4,2.1,1,0,0,0,0
45,4,0.9,2,0,0,0,0
123,1,2.3,2,0,1,1,1
93,1,5.2,1,267,0,0,0
102,4,2.2,2,0,0,0,0
39,3,1.5,1,0,0,0,0
114,4,3.4,2,0,0,0,0
29,1,0.3,3,0,0,0,0
30,3,0.6,2,144,0,0,0
22,1,0.6,3,0,0,0,0
38,2,0.3,1,186,0,0,0
41,2,1.7,1,0,0,0,0
161,4,1.7,3,422,1,0,1
38,3,0.5,2,0,0,0,0
25,1,0.9,3,0,0,0,0
70,4,2.6,1,218,0,0,0
201,2,8.8,1,0,0,0,0
42,2,0.6,3,0,0,0,0
64,1,1.2,1,0,0,0,0
28,4,1.1,3,0,0,0,0
119,1,4.9,1,208,0,0,0
28,1,1.0,3,0,0,0,0
60,3,2.1,3,0,0,0,0
23,1,1.5,2,0,0,0,0
164,4,7.4,3,0,1,0,0
39,2,0.8,1,0,0,0,0
19,2,0.0,3,85,0,0,0
72,2,0.8,3,0,0,0,0
41,3,0.9,3,0,0,0,0
32,2,0.3,2,130,0,0,0
69,1,0.8,2,0,0,0,0
23,3,0.4,1,0,0,0,0
44,4,0.2,1,0,0,0,0
32,3,0.4,2,165,0,0,0
25,2,0.3,1,123,0,0,0
80,2,1.6,3,0,0,0,0
83,1,0.8,2,230,0,1,0
133,1,7.3,1,0,0,0,0
89,1,0.1,2,307,0,0,0
81,2,4.5,3,187,0,0,1
44,2,1.1,2,85,0,0,0
119,2,2.0,1,0,0,0,0
39,4,0.9,1,147,0,0,0
40,2,1.0,3,0,0,0,0
79,3,0.8,1,183,0,0,0
30,4,0.7,2,0,0,0,0
179,1,2.6,3,0,1,0,0
178,2,6.7,1,0,0,0,0
82,4,3.8,2,0,0,0,0
50,2,2.4,2,0,0,0,0
64,2,1.9,2,0,0,0,0
129,1,1.5,1,0,0,0,0
68,4,2.9,1,0,0,1,0
30,1,1.4,3,112,0,1,0
48,3,1.5,1,0,0,0,0
130,1,1.3,1,257,0,0,0
40,1,0.5,3,0,0,1,0
105,2,1.9,1,0,0,0,0
41,4,0.2,1,0,0,0,0
168,3,6.5,3,118,1,0,0
80,2,2.7,1,0,0,0,0
134,2,3.1,1,0,0,0,0
49,1,2.5,3,0,0,0,0
63,2,1.8,1,0,0,0,0
70,4,1.9,1,212,0,0,0
32,3,0.7,2,141,0,0,0
14,3,0.9,3,114,0,0,0
111,2,6.1,1,326,0,0,0
38,4,2.8,2,144,0,1,0
121,2,2.0,1,341,0,0,0
90,4,2.6,3,0,0,0,0
178,2,6.0,2,0,1,0,0
20,4,0.4,2,79,0,0,0
61,2,1.7,1,229,0,0,0
43,4,0.8,1,0,0,0,0
39,1,1.9,2,0,0,0,0
60,4,2.1,1,234,0,0,0
63,3,3.0,1,0,0,1,0
8,4,0.2,3,81,0,0,0
52,4,1.3,2,0,0,0,0
92,4,3.0,1,0,1,0,1
111,2,1.4,1,298,0,0,0
71,1,1.4,3,0,0,0,0
25,2,0.1,2,91,0,1,0
34,1,1.9,3,156,0,0,0
74,3,2.6,3,0,0,0,0
120,2,2.0,1,0,0,0,0
50,4,1.3,2,0,0,0,0
10,2,1.0,1,0,0,0,0
45,4,2.5,2,113,0,0,0
29,4,1.8,1,0,0,0,0
145,2,6.9,1,0,0,0,0
100,2,6.3,1,0,0,0,0
24,3,0.4,1,0,0,0,0
60,1,1.2,1,0,0,0,0
50,4,0.6,2,0,0,0,0
43,3,1.1,2,0,0,0,0
79,3,4.4,1,0,0,0,0
44,3,0.1,2,0,0,0,0
31,4,1.5,3,0,0,0,0
14,2,1.0,1,107,0,0,0
19,4,0.8,1,106,0,0,0
111,1,1.1,2,0,1,0,0
90,1,1.9,2,0,0,0,0
21,2,0.7,3,129,0,0,0
104,1,4.2,2,0,1,0,0
75,1,1.9,2,0,0,0,0
175,2,7.8,1,297,0,0,0
98,1,4.2,1,171,1,1,1
41,4,0.1,1,153,0,0,0
171,2,2.2,2,569,1,0,0
79,4,1.6,2,0,0,0,0
24,4,0.6,2,0,0,0,0
90,1,3.6,2,0,1,0,0
39,3,2.4,2,0,0,0,0
9,2,0.0,1,0,0,1,0
15,2,0.1,2,90,0,0,0
80,1,2.7,1,0,0,0,0
63,1,0.7,3,79,0,0,0
20,1,0.5,3,102,0,0,0
43,2,2.1,3,0,0,1,1
65,1,1.5,3,0,0,0,0
91,2,1.7,2,151,0,0,0
53,1,0.8,1,0,0,0,0
110,3,1.7,2,0,0,0,0
82,3,1.5,1,103,0,0,0
23,4,0.2,3,0,0,0,0
172,2,6.67,1,0,0,0,0
88,2,2.7,1,0,0,0,0
71,2,0.8,3,0,0,0,0
180,1,2.9,3,144,1,1,0
39,2,2.1,3,184,0,0,0
94,1,1.5,3,0,0,0,0
25,3,1.0,2,0,0,0,0
10,2,0.0,3,102,0,0,0
42,1,1.0,1,184,0,0,0
142,2,3.9,1,0,0,0,0
34,2,1.3,1,0,0,0,0
139,1,4.6,1,0,0,0,0
154,2,4.5,1,207,0,0,0
40,2,2.0,3,89,0,0,0
33,1,1.5,3,140,0,0,0
80,2,1.6,1,0,0,0,0
10,3,0.67,2,100,0,0,0
41,3,0.5,3,0,0,0,0
30,4,1.3,1,118,0,0,0
78,1,0.8,3,190,0,0,0
164,1,5.0,1,0,0,0,0
23,1,0.4,3,0,0,0,0
149,1,6.0,1,0,0,0,0
25,4,0.7,3,0,0,0,0
42,1,2.1,3,0,0,0,0
71,1,2.5,1,185,0,0,0
114,3,4.2,2,0,1,0,0
70,1,2.8,2,0,0,0,0
149,4,6.1,1,0,1,0,0
55,4,2.5,2,0,0,0,0
29,1,1.3,1,0,0,0,0
123,1,3.8,1,0,0,0,0
152,1,7.4,3,374,1,0,1
8,4,0.7,2,0,0,0,0
69,4,0.7,1,245,0,0,0
161,4,7.9,3,310,1,0,0
79,1,0.2,2,0,0,0,0
105,1,4.6,1,0,0,0,0
39,3,2.3,1,0,0,0,0
163,1,5.0,1,0,0,0,0
9,1,0.2,1,0,0,0,0
71,4,2.0,3,0,0,0,0
51,3,2.1,3,0,0,0,0
32,1,1.4,3,167,0,0,0
161,4,4.3,1,0,1,0,1
60,1,0.2,1,0,0,0,0
35,4,1.0,2,0,0,0,0
41,4,1.2,2,0,0,0,0
73,2,1.7,1,216,0,0,0
49,4,1.5,1,214,0,1,1
79,2,2.0,1,194,0,0,0
120,2,7.5,1,0,0,1,0
60,2,3.2,1,0,0,0,0
78,3,0.6,2,0,0,0,0
40,4,1.1,2,131,0,0,0
110,2,5.4,3,204,1,1,1
160,4,5.7,3,0,1,1,0
68,4,0.7,1,191,0,0,0
49,2,1.6,3,103,0,0,0
65,2,2.5,1,0,0,0,0
55,3,2.4,2,145,0,0,0
62,3,2.3,1,98,0,0,0
152,1,0.0,1,0,0,0,0
42,3,2.5,2,0,0,0,0
39,4,0.7,2,0,0,0,0
111,3,3.0,1,0,1,1,1
82,3,2.1,1,0,0,0,0
108,4,3.4,2,0,0,0,0
59,2,0.8,3,0,0,0,0
61,3,2.5,1,193,0,0,0
78,4,2.0,2,0,0,1,0
18,2,0.1,3,0,0,0,0
113,4,1.7,3,0,0,0,0
62,1,2.67,2,0,0,0,0
81,1,4.9,1,248,0,0,0
13,3,0.4,1,106,0,0,0
75,1,2.8,1,194,0,0,0
33,2,0.8,3,89,0,0,0
179,1,4.1,1,0,0,0,0
69,3,2.0,2,0,0,0,0
45,1,1.0,3,0,0,0,0
59,3,3.0,2,0,0,0,0
81,2,2.8,1,0,0,0,0
133,1,5.4,1,212,0,0,0
81,2,0.0,3,0,0,0,0
14,4,0.4,2,86,0,0,0
28,2,0.8,3,0,0,0,0
93,2,2.2,1,0,0,0,0
191,3,2.6,3,123,1,0,0
155,1,2.9,1,0,0,0,0
155,2,7.2,1,0,0,0,0
68,4,1.3,1,0,0,0,0
52,2,1.1,1,226,0,0,0
51,1,0.7,3,0,0,0,0
44,4,1.6,1,180,0,0,0
121,2,3.1,1,408,0,0,0
49,4,2.2,1,204,0,1,0
42,2,1.0,3,78,0,1,0
144,1,4.1,1,0,0,0,0
72,1,2.6,2,0,0,0,0
44,1,1.5,1,109,0,0,0
43,3,0.9,3,175,0,0,0
74,1,0.1,2,144,0,1,0
145,1,2.5,1,0,0,0,0
158,2,2.1,1,0,0,0,0
78,4,4.9,1,0,0,0,0
154,1,2.4,2,352,1,0,0
105,2,4.5,3,0,0,0,0
100,3,0.6,2,0,0,0,0
58,1,0.0,2,0,0,0,0
113,1,0.9,1,406,0,0,0
10,2,0.1,2,0,0,1,0
142,2,2.7,1,0,0,0,0
128,1,2.5,1,0,0,0,0
131,3,0.5,3,0,1,0,0
88,4,1.0,2,122,0,0,0
101,2,0.6,1,0,0,0,0
70,2,1.75,3,0,0,0,1
122,1,0.3,1,0,0,1,0
70,3,1.5,1,0,0,0,0
148,2,4.3,3,0,1,0,0
43,2,2.1,3,166,0,0,0
31,1,1.5,3,0,0,0,0
35,2,0.8,3,0,0,0,0
81,4,2.6,3,0,0,0,0
19,1,1.4,3,98,0,0,0
98,4,1.8,3,129,0,1,1
101,4,2.1,3,0,0,0,0
81,2,0.4,3,0,0,0,0
135,1,0.6,1,452,0,0,0
34,2,0.7,2,0,0,0,0
104,1,3.4,1,249,0,0,0
29,3,0.7,2,0,0,0,0
119,2,5.4,2,0,1,0,0
82,2,1.7,2,0,0,0,0
62,1,0.2,1,0,0,0,0
85,3,2.1,1,0,0,0,0
8,2,0.1,2,0,0,0,0
78,4,1.7,3,0,0,0,0
44,3,0.5,2,0,0,0,0
122,2,8.0,1,0,0,0,0
22,3,0.1,2,114,0,0,0
39,4,2.2,2,0,0,0,0
55,1,1.6,2,0,0,0,0
144,2,6.1,1,158,0,0,0
71,1,2.6,2,0,0,0,0
191,2,3.0,1,0,0,0,0
22,1,0.5,2,100,0,0,0
158,1,2.4,1,0,0,0,0
131,3,0.3,3,0,1,0,1
75,1,2.8,2,160,0,0,0
69,3,0.7,2,170,0,0,0
39,2,0.8,1,0,0,0,0
34,4,1.7,1,0,0,0,0
32,1,1.7,1,0,0,0,0
129,1,5.7,1,0,0,0,0
158,3,5.4,1,432,1,0,0
54,1,1.8,1,0,0,0,0
34,1,2.0,2,0,0,0,0
45,4,0.6,2,0,0,0,0
68,2,2.3,3,0,0,1,0
53,1,1.5,2,0,0,0,0
32,1,0.1,1,0,0,0,0
173,2,7.2,3,0,1,0,0
31,4,0.4,1,0,0,0,0
72,2,3.7,1,144,0,0,0
30,4,0.4,2,157,0,0,1
138,1,2.5,1,0,0,0,0
18,1,1.5,2,127,0,0,0
69,1,2.8,1,220,0,0,0
58,3,2.1,1,247,0,0,0
63,4,1.5,1,0,0,0,0
43,2,0.3,1,0,0,1,0
28,1,0.2,3,0,0,0,0
38,1,2.1,3,133,0,0,0
72,3,0.3,2,147,0,0,0
64,4,0.9,1,0,0,0,0
70,3,2.6,2,165,0,0,0
12,1,0.3,1,0,0,0,0
159,2,0.5,1,0,0,0,0
103,2,4.5,3,0,0,0,0
42,1,0.3,3,0,0,0,0
48,2,2.1,3,142,0,0,0
49,1,1.5,1,0,0,0,0
89,2,0.4,1,0,0,0,0
22,4,0.7,2,0,0,0,0
10,2,0.2,1,86,0,0,0
38,1,1.3,2,120,0,0,0
49,2,2.1,3,95,0,0,0
30,2,1.4,3,0,0,0,0
82,1,2.6,2,240,0,0,1
82,1,0.8,3,312,0,0,0
24,1,0.1,2,0,0,0,0
32,4,0.6,1,156,0,0,0
34,3,0.9,3,111,0,0,0
195,2,4.75,2,477,1,0,0
61,4,2.2,1,119,0,0,0
22,3,0.1,2,0,0,0,0
40,4,1.0,3,0,0,0,0
50,2,2.8,1,205,0,0,0
35,2,0.7,3,0,0,1,0
64,3,0.3,2,0,0,0,0
49,3,2.3,1,0,0,0,0
44,4,1.0,2,192,0,0,0
65,2,3.7,1,0,0,0,0
13,4,0.7,1,0,0,0,0
84,1,2.9,3,105,0,0,0
28,4,0.2,2,101,0,0,0
108,3,4.4,1,0,0,0,0
59,1,0.0,1,144,0,0,0
163,1,2.4,1,396,0,0,0
183,2,8.8,3,582,1,0,0
69,4,4.0,3,0,0,0,0
115,1,7.0,1,0,0,0,0
130,4,6.5,1,0,1,0,0
185,2,7.9,2,358,1,0,0
118,2,0.3,1,0,0,0,0
163,1,4.1,1,0,0,0,0
140,2,6.3,1,380,0,0,0
91,2,0.7,2,0,0,0,0
61,4,1.3,3,0,0,0,0
168,4,4.1,2,0,1,0,0
69,3,0.9,2,0,0,0,0
22,1,0.2,1,104,0,0,0
53,1,0.3,1,213,0,0,0
25,2,1.0,2,0,0,0,1
115,4,2.2,2,0,1,0,0
31,4,1.1,3,85,0,1,1
83,1,2.8,3,0,0,0,0
152,2,6.9,1,0,0,0,0
30,1,0.1,1,0,0,0,0
34,1,0.2,3,0,0,0,0
44,1,1.4,3,0,0,0,0
182,2,7.6,1,0,0,0,0
44,3,1.5,1,117,0,0,0
122,2,6.0,1,153,0,1,1
35,4,1.8,1,0,0,0,0
91,1,0.8,3,0,0,0,0
30,2,2.0,2,0,0,0,0
53,1,2.5,3,0,0,0,0
28,1,0.3,3,0,0,0,0
85,4,3.4,2,200,0,0,0
28,2,0.7,2,90,0,0,0
41,4,0.4,1,177,0,0,0
154,1,5.0,3,0,1,1,1
41,1,0.3,3,0,0,0,0
33,3,1.5,1,0,0,0,0
182,3,5.8,3,0,1,0,0
59,2,0.8,3,0,0,0,0
129,2,3.3,1,0,0,1,0
35,3,0.9,3,136,0,0,0
185,3,2.2,2,0,1,1,1
45,4,1.3,2,201,0,0,0
62,4,0.1,2,145,0,0,0
183,3,8.2,3,467,1,0,1
14,2,0.1,3,0,0,0,0
53,1,2.2,3,0,0,0,0
48,3,2.6,3,169,0,0,0
128,2,0.4,1,0,0,0,0
105,1,4.0,1,331,0,0,0
40,3,0.9,1,0,0,0,0
10,2,0.4,1,0,0,0,0
102,2,3.3,1,303,0,0,0
31,3,0.1,2,0,0,0,0
30,4,0.8,1,158,0,0,0
21,1,0.6,3,0,0,1,0
44,2,0.3,1,0,0,0,0
48,1,2.5,3,164,0,0,0
21,3,0.2,2,0,0,0,0
84,4,2.2,2,0,0,0,0
64,3,0.7,2,230,0,0,0
82,1,2.5,1,138,0,0,0
39,4,1.3,1,0,0,0,0
45,2,0.8,3,0,0,0,0
133,4,5.7,3,0,1,0,1
152,2,1.4,1,0,0,0,0
12,1,1.0,1,91,0,1,0
32,3,1.5,1,149,0,0,0
74,4,2.6,1,204,0,0,0
54,2,1.1,2,159,0,0,0
181,3,4.1,2,0,1,0,1
75,2,0.0,3,0,0,0,0
95,3,0.1,1,240,0,1,0
190,4,7.3,2,565,1,0,1
90,1,2.8,1,0,0,0,0
20,4,1.0,1,134,0,0,0
64,3,2.2,3,0,0,0,0
85,2,1.7,3,98,0,0,0
105,4,1.7,2,0,0,0,0
21,1,0.2,1,0,0,0,0
78,2,1.8,2,0,0,0,0
158,2,6.67,1,132,0,0,0
125,1,4.3,1,219,0,0,0
81,3,1.8,2,0,0,0,0
183,1,8.1,1,0,0,0,0
54,4,0.6,2,0,0,0,0
79,4,3.6,3,212,0,0,0
38,1,1.5,2,136,0,0,0
172,4,1.0,2,295,1,0,0
184,3,7.5,1,0,1,0,0
158,2,7.8,1,114,0,0,0
188,1,0.9,3,282,1,0,0
20,4,0.5,3,0,0,0,0
60,4,0.2,3,151,0,0,0
113,4,2.4,3,0,0,0,0
70,4,0.0,1,0,0,0,0
84,2,0.0,3,0,0,0,0
23,2,0.2,3,0,0,0,0
141,2,3.3,1,0,0,1,1
110,3,4.4,1,264,0,0,0
31,4,1.8,1,0,0,0,0
22,1,1.3,1,80,0,0,0
91,1,5.2,1,0,0,1,0
82,4,2.4,3,252,0,0,0
23,1,0.3,1,0,0,0,0
35,1,0.1,1,0,0,1,0
114,1,2.5,3,0,1,0,0
18,3,0.1,2,0,0,0,0
80,2,1.6,3,238,0,0,0
74,2,2.3,3,0,0,0,0
122,4,4.1,2,0,1,0,0
73,3,2.33,2,0,0,0,0
40,2,1.1,1,0,0,0,0
55,4,0.1,3,0,0,0,0
69,1,2.7,2,0,0,1,0
92,4,1.4,2,0,0,0,0
48,4,2.1,3,0,0,0,0
113,4,0.6,3,327,1,0,0
58,1,1.3,2,0,0,0,0
109,2,2.2,1,0,0,0,0
39,3,1.0,2,0,0,0,0
33,3,1.9,2,144,0,0,0
18,4,0.2,1,0,0,0,0
63,1,1.6,1,0,0,0,0
43,1,2.8,2,0,0,0,0
70,4,2.0,3,0,0,0,0
19,1,0.9,3,0,0,0,0
39,4,1.3,2,140,0,0,0
81,3,0.8,1,0,0,0,0
34,4,1.3,3,0,0,0,0
140,1,5.9,2,175,1,1,1
114,1,0.3,1,0,0,0,0
55,2,3.2,3,151,0,0,0
21,1,0.1,2,76,0,0,0
50,4,2.8,2,0,0,1,0
41,3,1.5,1,0,0,0,0
190,3,2.2,1,0,1,0,1
8,2,0.3,3,0,0,0,0
55,2,1.67,2,0,0,0,0
40,2,1.3,1,0,0,0,0
22,3,0.1,2,0,0,0,0
44,2,1.67,2,0,0,1,0
102,3,4.5,3,0,1,0,0
54,4,1.8,3,235,0,0,0
130,4,3.2,2,0,1,0,0
75,3,2.33,2,0,0,0,0
42,2,1.7,1,0,0,0,0
133,1,3.8,1,0,0,0,0
40,1,1.2,2,0,0,0,0
34,3,1.5,1,101,0,0,0
142,1,0.8,1,0,0,0,0
64,3,2.3,1,0,0,0,1
44,2,1.6,3,170,0,0,0
95,1,0.3,1,262,0,0,0
49,1,1.4,3,0,0,0,0
12,2,0.2,1,0,0,0,0
98,1,1.3,3,0,0,0,0
42,4,0.4,1,0,0,0,0
44,2,0.6,3,0,0,0,0
124,1,5.2,1,0,0,0,0
175,2,6.7,1,0,0,0,0
22,4,0.3,1,0,0,0,0
78,4,2.67,1,99,0,0,0
54,2,1.0,2,109,0,0,0
154,1,7.0,1,0,0,0,0
42,3,2.7,2,0,0,0,0
195,2,6.5,1,635,0,0,0
80,1,3.0,3,0,0,0,0
81,3,2.0,2,0,0,0,0
89,2,2.0,1,0,0,0,0
61,3,2.6,2,0,0,0,0
25,4,0.4,3,0,0,0,0
43,3,0.1,2,163,0,0,0
122,1,2.6,1,352,0,0,0
160,1,4.3,1,385,0,0,0
83,4,1.6,2,0,0,0,0
79,2,0.0,3,0,0,0,0
30,3,0.5,2,0,0,0,0
145,1,4.3,1,437,0,0,0
151,2,3.3,1,328,0,0,0
14,2,0.1,3,98,0,0,0
19,3,0.2,2,0,0,0,0
55,1,0.7,3,135,0,0,0
132,2,2.4,3,0,1,0,0
182,1,8.6,1,0,0,0,0
78,3,0.5,1,0,0,0,0
42,1,2.4,2,0,0,0,0
44,2,2.3,3,187,0,0,0
195,4,5.2,3,522,1,0,1
53,3,0.5,2,0,0,0,0
65,3,2.4,1,0,0,0,0
43,4,0.2,1,0,0,0,0
38,4,1.5,3,0,0,0,0
50,1,1.8,3,0,0,0,0
81,2,1.8,2,0,0,0,0
41,1,1.9,3,0,0,0,0
73,3,2.3,1,0,0,0,0
31,2,0.4,3,104,0,0,0
84,3,0.6,2,0,0,0,0
95,2,1.9,1,0,0,0,0
162,4,1.3,1,301,1,0,0
60,2,2.2,3,115,0,0,0
121,2,1.1,3,0,1,1,0
43,3,1.0,2,165,0,0,1
38,1,1.8,2,182,0,0,1
82,1,2.9,1,276,0,0,0
52,4,1.9,1,0,0,0,0
43,3,1.5,1,168,0,0,0
82,1,2.6,2,0,0,1,1
161,1,4.1,1,0,0,1,0
24,2,0.7,2,0,0,0,0
102,1,2.6,1,0,0,0,0
53,3,2.4,2,0,0,0,0
85,1,1.2,1,0,0,0,0
111,3,4.4,1,0,0,0,0
90,2,0.3,1,0,0,0,0
94,2,1.1,1,188,0,0,0
63,4,3.6,3,0,0,0,0
153,2,2.8,2,0,1,1,1
39,2,2.0,3,0,0,0,0
205,2,8.8,1,181,0,1,0
142,1,3.4,1,496,0,0,0
163,2,0.4,1,0,0,1,0
113,3,1.0,1,0,0,1,0
64,1,2.9,1,0,0,0,0
20,3,0.1,3,0,0,0,0
179,1,1.0,1,0,0,0,0
91,2,4.5,3,90,0,0,0
103,1,3.33,1,0,1,1,1
80,4,1.6,2,0,0,0,0
38,2,0.3,1,0,0,0,0
44,1,0.2,1,0,0,0,0
164,1,4.3,2,0,1,0,0
81,3,1.6,1,0,0,0,0
95,2,1.7,2,83,0,0,0
44,3,1.9,2,0,0,0,0
88,3,1.6,1,0,0,0,0
148,3,7.0,2,0,1,0,0
169,3,5.0,2,184,1,0,1
11,1,0.8,2,102,0,0,0
92,1,3.0,3,158,0,0,0
74,3,2.6,2,0,0,0,0
72,3,0.8,1,0,0,0,0
63,3,2.67,1,0,0,0,0
172,2,4.5,1,415,0,0,0
183,2,1.4,1,0,0,0,0
40,1,2.5,3,166,0,0,0
68,4,2.9,1,0,0,1,0
78,4,3.6,3,0,0,0,0
68,2,3.7,1,184,0,0,0
49,1,1.4,1,99,0,0,0
39,2,2.3,3,0,0,0,0
151,1,3.5,1,392,0,0,0
159,2,0.5,1,461,0,0,0
89,4,1.9,2,0,0,0,0
105,4,1.7,3,244,0,0,0
78,2,2.0,1,0,0,0,0
128,2,2.7,1,344,0,0,0
81,4,0.8,1,228,0,0,0
50,4,0.1,3,152,0,0,0
38,3,0.1,3,178,0,0,0
119,2,6.1,1,263,0,1,0
110,3,1.8,2,0,0,0,0
29,1,1.4,3,102,0,0,0
19,1,0.4,3,0,0,0,0
130,2,4.7,3,221,1,0,0
38,1,2.4,1,130,0,0,0
31,1,0.3,3,0,0,0,0
14,4,0.7,2,105,0,0,0
158,3,0.4,2,0,1,0,1
39,4,0.2,1,115,0,0,0
141,2,4.9,3,0,1,0,0
33,3,1.0,1,167,0,0,0
92,2,0.6,1,0,0,0,0
78,3,3.0,2,0,0,0,0
42,3,2.7,2,0,0,0,0
15,2,0.3,2,83,0,0,0
48,1,2.8,2,0,0,0,0
63,3,2.3,1,0,0,0,0
149,1,4.7,1,0,0,1,0
49,1,0.8,1,103,0,0,0
125,2,3.9,1,0,0,0,0
58,1,1.3,2,0,0,0,0
48,3,1.5,1,0,0,0,0
75,2,3.2,3,0,0,0,0
114,2,0.2,1,0,0,0,0
134,4,5.5,2,0,1,0,1
111,4,2.3,3,0,0,0,0
62,4,3.8,2,149,0,0,0
45,1,0.7,1,0,0,1,0
113,2,0.2,1,0,0,0,0
128,1,2.6,1,0,0,0,0
168,4,5.7,3,0,1,0,0
81,1,4.0,3,206,0,1,0
75,1,0.1,2,297,0,0,0
21,4,0.1,3,0,0,0,0
83,3,4.4,1,0,0,0,0
121,1,3.5,1,368,0,1,0
40,4,1.67,3,0,0,0,0
101,1,2.9,3,170,0,1,0
90,2,4.5,3,0,0,0,0
68,1,2.67,2,0,0,0,0
74,2,1.8,2,221,0,1,0
74,4,0.1,2,257,0,0,0
51,2,3.2,3,0,0,0,0
149,1,1.5,1,0,0,0,0
31,1,1.4,3,88,0,0,0
85,2,1.6,3,0,0,0,0
62,2,1.75,3,0,0,0,0
44,1,0.3,1,110,0,1,0
63,3,0.5,3,190,0,1,1
23,2,0.3,1,0,0,0,0
40,3,2.2,2,87,0,0,0
78,2,4.5,3,204,0,0,0
40,3,0.9,3,129,0,0,0
78,4,2.4,1,0,0,1,1
129,3,0.7,2,0,1,0,0
71,3,0.3,2,0,0,0,0
23,3,0.3,3,0,0,0,0
15,2,0.3,1,0,0,0,0
28,1,1.3,1,138,0,0,0
23,3,1.0,1,95,0,0,0
19,1,1.5,3,0,0,0,0
42,3,1.4,3,158,0,0,0
113,2,0.4,1,325,0,1,0
34,4,0.4,2,0,0,0,0
19,1,0.5,2,104,0,0,0
43,1,1.6,2,0,0,0,0
179,3,1.2,1,0,1,1,1
44,3,2.2,3,0,0,0,0
21,2,0.1,2,0,0,0,0
115,1,2.5,1,174,0,0,0
81,4,3.8,2,0,0,0,0
91,2,2.8,1,0,0,0,0
30,4,0.9,2,0,0,0,0
55,3,1.4,3,0,0,0,0
48,2,2.1,3,0,0,0,0
23,4,0.3,2,121,0,0,0
21,3,0.1,2,0,0,0,0
55,2,1.7,1,0,0,0,0
21,3,1.0,2,0,0,0,0
40,3,2.2,3,0,0,1,0
30,4,0.3,1,0,0,0,0
78,3,0.6,2,0,0,0,0
65,2,3.2,3,0,0,0,0
50,4,2.1,3,209,0,0,0
55,4,2.0,2,0,0,1,0
111,2,0.2,1,0,0,0,0
21,3,0.1,2,0,0,0,0
65,3,0.5,3,256,0,0,0
114,1,0.8,3,0,0,0,0
54,3,0.9,3,179,0,0,0
75,2,1.7,2,0,0,0,0
13,4,0.4,1,0,0,0,0
54,2,0.6,3,218,0,0,0
22,3,1.0,2,126,0,0,0
198,2,2.8,1,0,0,0,0
18,1,0.2,1,0,0,0,0
74,4,0.7,1,0,0,0,0
61,4,0.2,3,0,0,0,0
64,2,1.8,1,0,0,0,0
10,2,0.3,2,0,0,1,0
82,2,1.8,2,0,0,1,0
61,3,2.7,2,168,0,0,0
83,2,2.5,1,148,0,1,0
73,3,2.6,3,0,0,0,0
22,2,0.4,1,89,0,0,0
91,2,1.8,2,321,0,0,0
65,3,2.2,3,94,0,1,1
13,3,0.5,1,0,0,0,0
103,1,4.6,1,255,0,0,0
95,1,0.3,1,0,0,0,0
31,4,1.0,1,0,0,0,0
131,3,0.6,1,0,1,0,0
175,4,1.1,3,0,1,1,1
38,4,0.1,1,0,0,0,0
104,3,1.0,1,0,0,0,0
114,3,3.3,3,0,1,0,0
38,4,1.7,2,0,0,0,0
30,4,1.3,3,0,0,0,0
19,2,0.1,3,106,0,0,0
25,4,1.0,1,0,0,0,0
124,4,5.0,3,0,1,0,0
20,3,0.5,1,0,0,0,0
83,1,1.0,3,0,0,0,0
18,4,0.3,2,0,0,0,0
99,1,3.0,3,149,1,0,0
62,3,0.3,2,0,0,0,0
24,1,0.1,2,0,0,0,0
13,4,1.0,1,84,0,0,0
64,2,0.8,3,0,0,1,0
62,3,2.67,1,240,0,0,0
158,1,4.7,2,0,1,1,1
88,1,5.4,1,0,0,0,0
28,4,0.8,1,0,0,0,0
52,2,1.0,3,0,0,0,0
82,4,0.0,1,0,0,0,0
140,2,6.9,1,97,0,0,0
80,1,0.8,2,0,0,0,0
58,4,1.2,2,228,0,0,0
180,1,1.7,1,0,0,0,0
55,1,1.6,2,227,0,0,0
65,3,2.67,2,100,0,0,0
62,3,2.33,2,0,0,0,0
23,4,0.3,1,0,0,0,0
35,1,1.7,1,0,0,0,0
35,4,0.2,2,0,0,0,0
74,4,0.4,1,0,0,0,0
14,3,0.4,1,0,0,0,0
83,2,1.5,3,199,0,0,0
71,4,1.9,3,0,0,0,0
53,2,0.7,1,130,0,1,0
103,2,0.6,1,84,0,0,0
109,1,1.7,1,0,0,0,0
60,2,1.9,2,94,0,1,0
12,3,0.67,2,0,0,0,0
141,2,8.0,1,0,0,0,0
128,1,3.8,1,0,0,0,0
98,3,1.0,1,296,0,0,0
41,1,0.5,3,0,0,0,0
90,2,4.5,3,0,0,0,0
31,1,0.3,1,0,0,0,0
74,1,3.0,3,0,0,0,0
83,4,1.8,3,0,0,0,0
35,1,0.5,3,0,0,0,0
140,1,4.0,1,0,0,0,0
65,3,0.5,3,0,0,0,0
35,3,1.4,1,0,0,0,0
73,4,1.8,3,0,0,0,0
29,1,1.5,2,0,0,0,0
55,4,2.0,2,147,0,0,0
20,4,0.7,2,0,0,0,0
70,1,2.8,2,0,0,0,0
81,4,0.2,1,0,0,0,0
25,2,0.3,1,0,0,1,0
119,2,7.5,1,239,0,0,0
49,4,1.7,2,185,0,0,0
38,1,1.4,1,0,0,0,0
80,2,1.5,3,0,0,0,0
84,1,4.3,1,0,0,0,0
61,4,1.6,2,0,0,0,0
173,2,1.5,2,373,1,0,1
60,2,2.5,1,0,0,1,0
83,2,4.5,3,0,0,0,0
59,1,2.8,2,0,0,0,0
32,3,2.0,3,116,0,0,0
33,3,0.1,3,0,0,0,0
19,4,0.2,3,0,0,0,0
14,4,0.3,1,0,0,0,0
94,4,4.1,1,120,1,0,1
154,2,6.1,1,325,0,0,0
33,1,2.0,2,0,0,0,0
28,2,0.2,3,135,0,0,0
44,1,1.8,1,0,0,1,0
81,2,0.8,3,0,0,0,0
29,1,0.5,3,0,0,0,0
58,3,0.3,3,0,0,1,0
38,4,0.9,2,0,0,0,0
82,3,1.5,1,0,0,0,0
18,1,0.4,3,0,0,0,0
45,2,1.7,2,0,0,0,0
64,4,3.4,1,0,0,0,0
48,3,2.4,1,0,0,0,0
24,1,0.3,3,0,0,1,0
65,4,2.0,3,0,0,0,0
111,1,0.0,1,329,0,0,0
114,3,0.6,2,0,0,0,0
39,2,1.6,3,0,0,0,0
19,1,0.75,3,0,0,0,0
22,3,0.1,2,0,0,0,1
49,4,1.1,2,0,0,0,0
40,1,0.3,1,0,0,0,0
63,1,1.6,1,118,0,0,0
55,1,2.8,1,0,0,0,0
33,1,2.0,2,0,0,0,0
31,4,1.5,3,0,0,0,0
24,4,0.2,1,0,0,0,0
81,4,3.6,3,0,0,0,0
81,1,0.8,2,223,0,0,0
113,2,3.3,1,0,0,0,0
92,2,3.3,1,0,0,0,0
81,1,1.2,1,0,0,0,0
101,3,1.2,3,0,0,1,0
78,3,3.0,2,0,0,0,0
78,2,0.0,3,0,0,0,0
35,1,1.5,2,118,0,0,0
9,2,0.3,3,0,0,0,0
82,4,2.0,2,0,0,0,0
41,1,2.5,3,0,0,0,0
84,1,1.8,3,0,0,0,0
42,4,2.2,2,185,0,1,0
54,3,2.3,1,0,0,0,0
84,2,0.0,3,0,0,0,0
131,1,3.8,1,0,0,0,0
85,2,3.8,3,0,0,0,0
84,4,3.4,1,0,0,0,0
114,4,2.4,3,0,0,0,0
61,3,0.5,3,0,0,0,0
39,1,2.2,3,0,0,0,0
21,2,1.0,1,120,0,0,0
111,4,5.4,3,0,1,0,0
68,2,2.8,1,113,0,0,0
179,4,3.6,2,0,1,0,0
93,4,4.1,2,0,1,0,0
85,2,1.8,1,0,0,0,0
180,1,4.1,1,0,0,0,0
110,2,1.5,3,0,0,0,0
65,1,1.2,1,268,0,0,0
159,1,3.9,3,0,1,0,0
81,2,3.2,1,0,0,0,0
132,1,3.8,1,0,0,0,0
44,1,2.0,2,0,0,0,0
98,1,2.6,1,0,0,0,0
62,2,1.5,2,0,0,0,0
91,1,4.7,1,0,0,0,0
29,4,0.7,2,87,0,0,0
101,4,2.1,3,0,0,0,0
65,3,0.7,2,0,0,0,0
58,1,2.8,2,0,0,0,0
32,2,0.8,3,0,0,0,0
140,4,0.5,1,292,1,0,0
44,1,0.3,1,187,0,0,0
113,1,0.1,3,0,0,0,0
38,1,1.3,2,0,0,0,0
13,4,0.4,1,0,0,1,0
62,2,2.5,1,0,0,1,0
29,3,2.0,3,0,0,0,0
141,3,4.0,2,0,1,0,0
132,1,4.4,2,0,1,0,0
23,1,0.3,3,0,0,0,0
11,2,0.3,1,89,0,0,0
90,4,1.9,2,0,0,0,0
43,1,1.9,2,0,0,0,0
59,4,2.6,1,0,0,0,0
28,2,0.8,3,0,0,0,0
28,2,0.7,2,82,0,0,0
108,3,1.0,1,383,0,0,0
78,1,2.8,3,0,0,0,0
65,1,2.4,1,0,0,0,0
25,4,1.0,1,0,0,0,0
108,2,3.8,3,0,0,0,0
43,4,0.2,2,0,0,0,0
95,4,1.0,2,0,0,0,0
24,1,0.3,1,0,0,0,0
190,2,8.8,1,0,0,0,0
24,1,0.9,3,0,0,0,0
41,4,1.7,1,0,0,0,0
80,3,1.1,1,0,0,0,0
63,3,2.0,3,0,0,0,0
79,3,2.0,3,0,0,0,0
105,4,3.2,1,0,1,0,0
153,3,2.0,3,0,1,0,0
114,1,0.6,1,0,0,0,0
120,1,5.2,1,0,0,0,0
104,1,4.0,3,0,0,0,1
20,1,1.3,1,0,0,0,0
41,1,1.4,1,0,0,1,0
35,2,1.3,1,0,0,0,0
174,1,2.9,2,0,1,0,0
164,1,1.3,3,0,1,1,1
22,1,0.1,1,0,0,0,0
132,1,3.8,1,82,0,0,0
32,4,1.1,3,0,0,0,0
21,3,0.1,3,0,0,0,0
49,2,1.67,2,0,0,0,0
79,4,0.1,2,280,0,0,0
30,2,0.8,3,86,0,0,0
118,2,7.8,1,358,0,0,0
11,4,0.7,3,0,0,0,0
61,3,2.0,3,0,0,0,0
43,4,1.2,2,0,0,1,0
141,4,5.1,3,354,1,0,0
54,4,1.8,3,0,0,0,0
33,2,0.3,1,0,0,1,0
84,3,1.2,3,121,0,0,0
125,1,1.0,3,0,1,0,0
110,1,3.4,1,0,0,0,0
14,4,1.0,1,0,0,0,1
65,2,2.8,1,0,0,0,0
78,3,2.0,3,0,0,0,1
18,3,0.3,3,0,0,0,0
95,2,4.5,3,275,0,0,0
95,2,1.8,2,0,0,0,0
191,1,1.7,1,0,0,0,0
19,1,0.67,3,83,0,0,0
19,4,0.6,3,0,0,0,0
39,1,0.3,3,0,0,0,0
93,1,2.4,1,0,0,0,0
115,3,4.6,3,0,1,0,0
112,1,2.7,2,408,0,1,1
40,4,0.4,1,0,0,0,0
45,3,0.6,2,0,0,0,0
133,1,5.0,1,0,0,0,0
85,3,1.6,1,87,0,0,0
18,2,0.3,2,0,0,0,0
54,4,1.3,2,0,0,0,0
41,2,2.4,2,105,0,0,0
21,1,0.67,3,0,0,0,0
152,1,6.0,1,0,0,0,0
53,1,1.6,2,0,0,0,0
163,3,5.33,2,0,1,0,1
84,4,0.1,2,0,0,0,0
59,3,0.9,3,199,0,1,0
33,3,0.5,2,0,0,0,0
81,4,4.9,1,209,0,0,0
182,3,7.2,2,442,1,0,1
61,1,2.2,3,0,0,0,0
88,4,1.1,2,0,0,0,0
170,2,2.8,1,0,0,0,0
83,4,0.7,3,315,0,0,0
44,4,0.6,2,0,0,0,0
83,3,2.0,3,0,0,0,0
21,1,0.8,2,76,0,0,0
143,1,3.5,1,0,0,0,0
103,2,2.8,1,0,0,1,1
135,3,4.1,1,213,1,0,0
162,1,8.6,1,153,0,1,0
73,4,0.4,1,0,0,1,0
142,4,0.8,3,0,1,0,0
25,2,0.2,3,0,0,0,0
115,2,3.3,1,85,0,0,0
88,3,0.8,1,238,0,0,0
73,3,0.3,3,0,0,0,0
94,1,0.8,3,221,0,0,0
58,1,1.0,1,0,0,0,0
81,3,0.9,2,0,0,0,0
113,4,2.1,3,0,0,0,0
35,2,1.4,2,135,0,0,0
65,1,0.0,1,0,0,0,0
170,2,6.7,1,137,0,0,0
62,2,2.4,2,0,0,0,0
54,2,2.1,3,97,0,0,0
39,1,1.2,2,0,0,0,0
28,1,1.4,3,118,0,0,0
95,2,0.0,3,0,0,0,0
82,3,3.7,2,0,1,0,0
21,1,0.6,3,101,0,0,0
50,2,2.1,3,0,0,0,0
34,3,2.0,3,0,0,0,0
19,4,0.7,3,0,0,0,0
71,4,1.9,1,0,0,0,0
113,2,2.0,2,84,0,0,0
9,4,0.2,3,0,0,0,0
118,1,2.0,1,427,0,0,0
79,4,4.9,1,0,0,0,0
72,3,1.4,3,0,0,0,0
18,1,1.3,1,0,0,0,0
93,2,2.2,1,0,0,0,0
62,1,0.0,2,244,0,0,0
23,3,1.0,2,0,0,0,0
40,3,1.4,3,0,0,0,1
34,4,1.7,1,87,0,0,0
114,1,0.8,3,0,0,0,0
125,1,2.4,1,0,0,0,0
41,1,1.4,3,0,0,0,0
38,2,1.0,3,0,0,0,0
45,4,0.0,2,0,0,0,0
12,4,1.0,1,90,0,0,0
115,2,1.5,3,189,0,0,0
175,2,8.0,1,0,0,0,0
24,1,0.9,3,0,0,0,0
28,2,1.4,2,108,0,0,0
32,2,0.3,1,0,0,0,0
63,2,1.7,3,184,0,1,0
32,1,1.0,1,0,0,0,0
60,4,1.3,1,0,0,1,0
53,2,1.6,3,78,0,0,0
58,4,1.3,1,0,0,1,0
42,4,2.5,2,0,0,0,0
39,4,0.7,2,0,0,1,0
72,1,2.8,1,271,0,0,0
80,3,0.1,1,0,0,0,1
39,4,0.6,2,0,0,0,0
18,2,0.3,3,0,0,1,1
30,1,0.5,3,0,0,0,0
54,1,2.8,1,202,0,0,0
128,1,0.9,1,0,0,0,0
38,1,1.5,2,116,0,0,0
120,1,7.4,1,186,0,0,0
25,4,0.1,3,109,0,0,0
85,4,1.9,3,110,0,0,0
135,3,4.8,2,0,1,1,1
14,4,0.5,3,0,0,0,0
70,1,1.6,3,251,0,0,0
23,3,0.4,2,0,0,0,0
31,4,0.3,2,0,0,0,0
132,1,0.3,1,0,0,0,0
28,3,0.5,1,0,0,0,0
125,2,4.7,3,0,1,0,0
91,2,2.8,1,0,0,0,0
191,2,2.8,1,231,0,0,0
88,2,1.8,2,0,0,0,0
84,4,2.4,3,0,0,0,0
64,3,2.0,3,142,0,0,0
28,2,0.5,2,146,0,1,0
149,1,0.8,1,0,0,0,0
172,4,4.25,1,0,1,0,1
42,1,1.9,2,0,0,0,0
53,2,1.0,2,96,0,0,0
149,2,0.2,3,364,1,0,0
113,2,1.8,2,0,0,0,0
79,2,2.5,1,0,0,0,0
175,2,0.5,1,429,0,0,0
38,1,1.4,3,0,0,0,0
120,4,3.0,2,431,1,0,0
52,4,0.7,1,0,0,1,0
42,2,0.7,2,0,0,0,0
13,1,0.3,1,0,0,0,0
141,2,6.9,1,0,0,1,0
131,2,4.33,1,156,0,0,0
133,1,1.5,3,0,1,0,0
64,2,2.5,1,0,0,0,0
49,2,1.5,1,0,0,1,0
34,1,0.3,3,0,0,0,0
91,1,4.3,1,81,0,1,0
195,1,4.7,1,0,0,0,0
53,3,2.5,2,112,0,0,0
39,2,0.8,3,0,0,0,0
20,4,1.0,1,0,0,0,0
104,4,1.8,3,0,0,0,0
51,2,1.1,2,131,0,0,0
154,3,6.4,1,0,1,1,0
38,1,1.33,1,115,0,0,0
12,2,0.4,1,0,0,0,0
28,1,0.6,3,0,0,0,0
33,2,0.4,3,0,0,0,0
31,4,1.5,2,0,0,0,0
44,1,1.8,2,192,0,0,0
49,4,2.0,3,192,0,0,0
134,2,0.3,1,0,0,0,0
182,4,0.8,3,94,1,0,0
114,1,0.3,1,286,0,0,0
90,1,2.8,2,0,0,0,0
105,4,1.7,3,0,0,1,0
58,3,2.0,1,90,0,0,0
53,4,2.1,3,0,0,0,0
15,4,0.6,3,0,0,1,0
103,1,0.8,3,0,0,0,0
58,4,1.8,2,154,0,0,1
83,1,2.67,2,0,0,0,1
125,1,4.3,3,0,1,0,0
61,3,0.9,3,0,0,0,0
69,3,2.33,2,0,0,0,0
89,1,1.5,3,0,0,0,0
70,4,2.9,1,0,0,0,0
39,2,1.0,2,0,0,0,0
41,4,1.2,2,0,0,0,0
148,2,0.4,1,508,0,0,0
38,3,0.6,2,148,0,0,0
95,1,3.9,3,146,1,0,0
129,2,6.0,1,0,0,0,0
84,4,1.8,2,0,0,1,0
29,3,1.3,2,0,0,0,0
30,2,0.8,3,0,0,0,0
90,2,0.0,3,134,0,0,0
150,1,0.8,1,0,0,0,0
15,4,0.9,2,0,0,0,0
13,4,0.9,2,0,0,0,0
9,2,0.2,3,0,0,0,0
24,4,1.1,3,0,0,0,0
41,3,2.2,2,0,0,0,0
25,4,1.0,1,0,0,0,0
49,4,2.8,2,0,0,1,0
58,3,0.9,3,128,0,0,0
141,2,0.0,1,0,0,0,0
50,4,2.1,1,211,0,0,0
61,3,2.0,1,0,0,0,0
65,1,1.2,1,0,0,0,0
112,1,0.3,1,229,0,0,0
19,3,0.3,3,0,0,0,0
23,1,0.1,2,0,0,0,0
60,1,2.2,3,0,0,0,0
30,4,0.3,1,0,0,1,0
144,4,5.4,1,210,1,0,0
118,4,3.0,3,0,1,0,0
194,2,0.0,1,0,0,0,0
109,3,1.1,1,0,0,0,0
174,1,2.4,1,0,0,0,0
34,1,1.1,3,119,0,0,0
84,3,0.7,2,0,0,0,0
41,1,2.0,2,0,0,0,0
92,3,1.6,1,0,0,0,0
19,1,0.75,3,116,0,0,0
55,3,0.5,2,172,0,0,0
22,4,0.5,2,0,0,0,0
155,1,7.0,1,0,0,0,0
72,4,2.0,3,0,0,1,0
81,1,2.7,2,0,0,0,0
30,1,1.7,1,0,0,1,0
54,4,2.9,1,189,0,0,0
60,3,2.5,1,0,0,0,0
68,1,1.5,2,0,0,0,0
65,4,2.2,2,126,0,0,0
31,3,1.0,2,142,0,0,0
169,1,6.5,3,272,1,1,1
139,1,0.9,3,0,1,0,0
29,1,0.6,3,0,0,0,0
43,2,1.1,2,0,0,0,0
80,2,2.8,1,0,0,0,0
43,1,1.3,2,123,0,0,0
194,2,4.5,1,0,0,0,0
24,2,0.8,3,0,0,1,0
32,2,0.6,3,0,0,0,0
153,3,5.6,1,416,1,0,0
30,1,0.4,3,0,0,0,0
165,3,5.6,1,0,1,0,0
64,3,0.3,2,0,0,0,0
15,4,0.6,2,83,0,0,0
70,3,0.3,2,0,0,0,0
32,3,2.0,3,0,0,0,0
128,2,4.1,2,209,1,0,0
84,1,2.9,3,102,0,1,1
62,2,2.2,3,0,0,0,0
33,3,1.0,2,0,0,0,0
65,1,0.0,1,0,0,0,0
33,4,1.5,2,85,0,0,0
15,1,0.8,2,115,0,0,0
45,3,1.0,2,0,0,0,0
132,2,3.9,1,0,0,0,0
29,3,0.1,2,0,0,0,0
65,1,0.0,2,0,0,0,0
52,2,2.4,2,147,0,0,0
64,2,0.1,1,0,0,0,0
73,2,2.3,3,224,0,0,0
20,1,0.67,3,0,0,0,0
44,2,0.3,1,192,0,0,0
79,1,2.5,1,0,0,0,0
104,2,1.8,2,79,0,0,0
88,1,4.7,1,0,0,0,0
51,3,2.0,3,0,0,0,0
61,3,0.9,2,0,0,0,0
23,2,0.1,3,91,0,0,1
38,2,2.1,3,95,0,0,0
75,3,2.6,2,0,0,1,0
42,4,0.1,1,0,0,0,0
45,4,0.1,1,0,0,0,0
59,3,0.5,2,0,0,0,0
130,2,2.6,3,0,1,0,0
9,2,0.0,3,96,0,0,0
62,3,0.9,3,0,0,0,0
202,1,4.7,1,553,0,0,0
162,1,4.3,1,0,0,0,0
93,3,1.6,1,79,0,0,0
145,1,0.9,1,0,0,0,0
99,1,4.6,1,368,1,1,1
148,1,5.8,3,0,1,0,0
154,3,5.4,2,0,1,0,0
149,2,6.0,1,0,0,0,0
69,1,1.5,3,78,0,0,0
30,2,0.3,1,146,0,0,0
48,2,1.0,2,0,0,0,0
42,1,0.3,3,0,0,0,0
132,2,0.3,1,403,0,0,0
81,3,1.7,2,193,0,0,0
60,4,3.8,2,0,0,0,0
45,4,1.7,2,95,0,0,0
70,1,1.4,3,0,0,0,0
71,4,2.9,1,0,0,0,0
28,4,1.0,3,0,0,0,0
83,2,0.2,1,0,0,0,0
131,1,3.4,1,0,0,0,0
82,1,0.0,1,0,0,0,0
79,1,4.0,3,225,0,0,0
51,4,1.9,3,0,0,0,0
111,2,6.3,1,0,0,0,0
93,1,0.3,1,0,0,0,0
73,4,2.3,3,0,0,0,0
24,2,0.5,2,0,0,0,0
64,3,0.9,2,0,0,0,0
104,3,1.0,1,242,0,0,0
38,4,1.9,3,0,0,0,0
191,1,8.1,1,0,0,1,0
53,4,1.67,3,0,0,0,0
74,4,2.3,3,0,0,0,0
21,4,0.7,3,0,0,1,0
80,3,1.6,3,144,0,0,0
41,4,2.5,1,174,0,0,0
79,1,3.7,3,0,0,1,0
141,3,6.9,2,260,1,0,0
32,3,1.0,2,0,0,0,0
38,3,2.0,3,0,0,0,0
85,3,1.8,2,0,0,0,0
93,2,0.8,3,107,0,0,0
140,1,1.9,3,0,1,0,0
69,4,2.2,2,0,0,0,0
32,2,2.0,2,0,0,0,0
61,4,0.9,1,177,0,0,0
125,1,2.4,1,0,0,0,0
30,4,1.0,2,0,0,1,0
104,2,2.4,2,0,0,0,0
24,1,0.1,1,0,0,0,0
22,1,0.4,2,0,0,0,0
59,2,2.4,2,0,0,0,0
120,1,4.1,2,0,1,1,1
164,2,0.0,1,500,0,0,0
60,4,1.6,1,0,0,0,1
43,3,1.9,2,0,0,0,0
70,3,2.33,1,0,0,1,0
51,2,2.8,1,0,0,0,0
59,4,1.6,1,0,0,0,0
129,4,0.3,3,75,1,0,0
22,2,1.4,2,0,0,0,0
29,4,0.4,2,0,0,0,0
18,1,0.4,3,0,0,0,0
65,3,0.5,3,0,0,0,0
65,4,1.3,1,0,0,0,0
38,1,0.2,1,0,0,1,0
110,2,2.0,1,0,0,0,0
22,1,1.5,2,111,0,0,0
43,2,0.3,1,0,0,0,0
30,4,0.6,1,0,0,0,0
134,2,6.3,1,0,0,0,0
32,3,1.3,1,0,0,0,0
139,1,4.3,1,0,0,0,0
45,2,0.7,1,0,0,0,0
62,3,3.0,2,0,0,1,0
51,4,1.7,2,103,0,0,0
93,1,0.8,3,313,0,0,0
122,1,1.3,1,0,0,0,0
45,1,1.33,1,0,0,0,0
179,1,8.1,1,0,0,1,0
64,3,2.8,1,205,0,0,0
41,2,1.1,1,0,0,0,0
58,2,0.6,3,0,0,0,0
64,4,2.2,1,0,0,0,0
28,3,1.7,2,0,0,0,0
21,1,0.67,3,0,0,0,0
60,1,2.8,2,0,0,0,0
78,2,0.2,1,0,0,0,0
59,3,0.5,3,0,0,0,0
59,3,0.5,3,0,0,1,1
83,4,1.4,2,0,0,0,0
128,1,5.7,1,0,0,1,0
95,1,2.6,1,0,0,0,0
160,4,4.3,3,410,1,0,0
78,4,2.4,3,0,0,1,0
184,2,5.1,2,0,1,0,0
30,3,1.0,1,0,0,0,0
51,2,1.6,3,123,0,0,0
35,1,0.6,3,0,0,0,0
74,4,4.0,3,0,0,0,0
43,4,1.2,2,0,0,1,0
23,2,1.0,2,0,0,0,0
20,4,0.4,1,99,0,0,0
112,1,0.6,1,0,0,0,0
74,3,0.7,2,0,0,0,0
65,2,0.4,3,232,0,0,0
124,2,0.2,1,0,0,0,0
65,3,2.5,1,0,0,0,0
73,3,2.0,3,285,0,0,0
8,2,0.1,3,0,0,0,0
53,3,2.3,1,76,0,0,0
131,3,2.6,3,229,1,0,0
13,4,0.3,1,0,0,1,1
60,1,2.4,1,98,0,0,0
45,1,1.6,2,82,0,0,0
39,2,2.1,3,119,0,0,0
78,4,2.0,2,0,0,0,0
43,3,0.5,3,0,0,0,0
31,2,0.3,1,109,0,1,1
118,3,2.4,2,161,1,0,0
82,3,0.1,1,0,0,0,0
112,3,2.5,1,0,0,0,0
10,1,0.4,2,0,0,0,0
18,2,0.9,3,95,0,0,0
72,3,0.3,2,0,0,0,0
72,4,0.2,3,0,0,0,0
78,1,5.2,1,0,0,0,0
78,3,1.8,2,0,0,0,0
30,1,0.5,3,0,0,0,0
45,3,1.4,1,0,0,0,0
80,2,0.4,1,0,0,0,0
174,1,4.7,1,0,0,0,0
51,2,3.2,3,0,0,0,0
181,1,6.0,1,0,0,0,1
78,4,1.4,2,194,0,0,0
79,3,1.6,3,0,0,0,0
119,1,5.4,1,118,0,0,0
49,4,1.2,2,109,0,1,1
83,3,3.9,2,0,1,0,0
100,1,2.7,2,126,0,0,0
70,3,2.33,1,0,0,0,0
52,3,0.5,2,0,0,0,0
12,4,1.0,1,0,0,0,0
82,4,1.3,3,219,0,0,0
34,2,0.3,2,0,0,0,0
112,4,2.4,3,0,0,0,0
42,3,1.0,3,0,0,0,0
83,2,2.2,1,0,0,0,0
142,1,1.4,2,0,1,0,0
199,2,6.67,1,0,0,0,0
29,4,1.5,2,121,0,0,0
70,3,1.4,3,273,0,0,0
25,2,0.7,3,0,0,0,0
84,2,1.1,1,0,0,0,0
81,3,4.4,1,0,0,0,0
15,2,0.4,1,0,0,0,0
54,3,0.3,3,0,0,0,0
108,4,3.8,2,304,1,0,0
83,4,2.67,1,0,0,0,0
62,1,0.7,3,170,0,0,1
134,2,3.3,1,204,0,0,0
75,3,2.33,1,79,0,0,0
109,2,2.0,2,341,0,0,0
152,2,3.0,1,0,0,0,0
83,4,2.4,3,0,0,1,0
52,4,1.8,3,0,0,0,0
31,2,2.0,3,0,0,0,0
135,3,2.7,3,449,1,0,0
98,1,0.9,1,151,0,0,0
14,4,0.6,2,0,0,0,0
64,4,2.6,1,0,0,0,0
109,2,6.8,1,0,0,0,0
118,1,1.3,1,333,0,0,1
80,4,2.2,2,0,0,1,0
51,3,1.4,3,0,0,0,0
115,4,3.8,2,0,1,0,0
83,1,2.4,1,0,0,0,0
90,1,0.3,1,0,0,0,0
28,4,1.7,1,0,0,1,1
82,2,2.5,1,221,0,0,0
24,3,0.4,1,0,0,0,0
71,2,1.7,1,0,0,0,0
80,1,0.3,1,0,0,0,0
109,4,1.7,3,0,0,0,0
140,1,2.9,1,0,0,0,0
39,4,0.2,2,0,0,1,0
39,1,1.2,2,98,0,0,0
50,3,2.4,2,0,0,1,0
31,2,0.3,1,0,0,0,0
35,3,1.0,3,144,0,0,0
44,4,0.2,1,0,0,0,0
35,1,0.5,3,0,0,0,0
20,2,0.3,1,106,0,0,0
10,4,0.7,2,0,0,0,0
83,4,2.0,3,0,0,0,0
203,2,8.8,1,0,0,0,0
84,3,0.8,1,0,0,0,0
41,4,0.8,1,0,0,0,0
164,2,7.8,1,0,0,0,0
152,2,6.5,1,0,0,0,0
62,4,1.6,1,0,0,1,0
12,4,1.0,1,89,0,0,0
28,4,0.6,1,0,0,0,0
52,1,2.0,1,0,0,0,0
19,3,1.3,2,97,0,0,0
35,3,1.3,1,0,0,0,0
28,4,0.3,1,96,0,0,0
70,3,2.0,2,0,0,0,0
140,1,0.9,1,0,0,0,0
102,4,2.3,3,0,0,0,0
50,4,2.0,3,0,0,0,0
61,3,2.3,1,205,0,0,0
188,2,3.7,2,259,1,0,0
178,4,9.0,3,0,1,0,0
44,4,0.9,2,194,0,0,0
12,4,1.0,1,0,0,1,0
69,4,3.4,1,188,0,0,0
132,1,5.0,1,0,0,0,0
128,2,3.9,1,196,0,0,0
44,4,0.8,1,122,0,0,0
44,1,0.5,3,0,0,0,0
34,2,2.0,3,0,0,1,0
132,2,3.9,1,0,0,0,0
158,2,2.1,1,0,0,0,0
83,1,0.1,1,0,0,0,0
28,1,1.4,3,75,0,0,0
131,3,2.2,3,0,1,1,0
31,3,0.5,2,0,0,0,0
40,4,0.0,2,0,0,0,0
71,2,1.8,1,127,0,1,0
42,2,2.0,3,0,0,0,0
35,3,0.1,2,114,0,0,0
81,2,0.2,1,0,0,0,0
91,2,2.0,1,0,0,0,0
129,4,5.2,2,0,1,0,0
75,1,2.7,1,0,0,0,0
54,4,0.6,2,230,0,0,0
43,1,1.5,1,0,0,0,0
94,4,1.1,2,0,0,0,0
84,4,1.3,3,0,0,0,0
34,1,2.0,2,0,0,1,0
15,4,0.8,1,0,0,0,0
99,2,3.8,3,194,0,0,0
15,1,0.4,2,82,0,1,1
83,4,2.0,3,0,0,0,0
83,4,1.8,3,0,0,0,0
143,1,1.7,1,0,0,1,0
81,4,2.6,3,0,0,0,0
39,1,1.9,2,0,0,0,0
158,2,0.4,2,277,1,0,0
62,1,1.4,3,0,0,0,0
64,2,0.1,1,0,0,0,0
29,1,1.5,2,0,0,0,0
64,3,2.5,1,0,0,0,0
21,4,0.7,2,0,0,0,0
142,2,2.8,3,0,1,0,0
64,3,2.5,1,0,0,0,0
40,4,1.8,1,0,0,1,0
61,3,2.7,2,0,0,0,0
44,1,0.3,3,0,0,0,0
78,3,2.67,2,161,0,0,0
25,2,0.9,3,0,0,0,0
125,2,1.9,1,0,0,0,0
63,2,1.0,3,0,0,0,0
54,1,1.6,3,185,0,0,0
92,2,0.0,1,184,0,0,0
119,2,0.6,1,381,0,0,0
40,1,2.4,2,0,0,0,0
41,1,1.0,1,0,0,0,0
81,2,0.0,1,0,0,0,0
101,3,2.5,1,270,0,0,0
25,4,0.5,2,0,0,0,0
55,1,1.5,2,0,0,1,0
43,1,2.1,3,166,0,0,0
98,2,1.8,2,98,0,0,0
112,4,2.3,3,402,0,0,0
69,4,4.0,3,102,0,0,0
79,4,1.7,2,215,0,0,1
118,2,7.2,1,0,0,1,0
81,3,2.67,2,251,0,0,0
19,1,0.1,2,121,0,0,0
139,2,2.9,3,0,1,0,0
63,3,0.5,2,0,0,0,0
102,2,1.4,1,0,0,0,0
40,4,1.7,2,0,0,0,0
44,1,0.3,1,81,0,0,0
59,3,2.0,1,216,0,0,0
224,2,6.67,1,0,0,0,1
64,2,2.3,3,0,0,0,0
129,2,3.3,1,0,0,0,0
43,1,1.4,1,0,0,0,0
12,3,0.4,1,0,0,1,1
53,3,2.6,2,0,0,0,0
39,2,2.1,3,0,0,0,0
65,1,0.0,1,0,0,0,0
18,1,0.4,3,94,0,0,0
55,1,1.6,3,0,0,0,0
60,1,2.5,3,0,0,0,0
42,2,0.3,1,187,0,0,0
44,3,0.1,2,0,0,0,0
111,2,1.3,1,0,0,0,0
62,1,1.0,1,0,0,0,0
44,2,0.8,3,148,0,0,0
69,1,1.5,3,0,0,0,0
62,3,0.8,3,172,0,0,0
35,1,1.8,2,0,0,0,0
91,1,2.8,1,0,0,0,0
12,1,0.2,1,96,0,0,0
89,3,0.1,1,292,0,0,0
65,4,1.7,2,0,0,1,0
179,2,4.5,3,400,1,0,0
82,2,1.5,3,0,0,1,1
48,1,1.2,1,0,0,0,0
20,4,1.5,2,0,0,0,0
91,1,2.8,3,330,0,1,0
122,2,6.0,1,0,0,0,0
22,1,1.4,3,0,0,0,0
43,2,1.3,1,0,0,0,0
38,4,1.7,1,0,0,0,0
61,3,2.67,1,0,0,0,0
33,4,0.4,2,0,0,0,0
145,1,2.9,1,345,0,0,0
170,1,1.0,1,0,0,0,0
55,3,0.7,2,0,0,0,0
40,1,2.5,3,0,0,0,0
68,2,0.0,1,126,0,0,0
53,3,2.5,1,0,0,0,0
63,3,0.8,3,0,0,1,0
123,2,2.2,1,92,0,0,0
13,2,0.0,1,0,0,0,0
12,4,0.2,1,102,0,0,0
53,2,2.5,1,102,0,0,0
79,1,2.7,2,294,0,0,0
89,1,0.1,2,170,0,0,0
188,1,9.3,2,0,1,0,0
62,3,1.4,3,0,0,0,0
123,3,5.6,3,428,1,0,0
40,3,2.4,2,0,0,0,0
119,4,5.0,3,0,1,0,0
123,4,3.1,2,253,1,0,1
23,1,0.4,2,0,0,0,0
62,1,1.5,3,255,0,0,0
69,3,2.1,1,106,0,0,0
124,2,3.9,1,0,0,1,0
52,4,0.1,3,0,0,0,0
134,2,3.1,1,0,0,0,0
58,1,0.8,2,0,0,0,0
45,3,0.5,2,200,0,0,0
75,4,1.1,2,0,0,0,0
23,4,0.4,2,78,0,0,0
123,3,1.3,1,0,1,0,0
48,3,2.2,1,0,0,0,0
145,1,0.3,1,140,0,0,0
31,1,1.0,3,0,0,0,0
38,3,2.2,3,0,0,0,0
78,4,1.9,3,0,0,0,0
94,2,1.9,1,0,0,0,0
84,1,2.9,3,0,0,0,0
22,1,0.6,3,0,0,0,0
78,4,0.2,1,0,0,0,0
75,3,2.33,2,0,0,0,0
71,3,2.2,1,0,0,0,0
24,1,0.5,3,0,0,0,0
112,2,4.33,1,0,0,0,0
53,1,2.8,2,167,0,0,0
41,1,0.5,3,0,0,0,0
25,1,0.5,2,0,0,0,0
42,4,2.5,2,194,0,0,0
51,3,1.0,2,113,0,1,1
19,2,0.3,2,0,0,0,0
90,2,0.0,1,258,0,1,1
89,4,1.4,2,0,0,0,0
22,3,0.5,1,0,0,1,1
119,1,1.5,1,0,0,0,0
93,4,3.6,3,0,1,0,0
18,4,0.3,1,0,0,0,0
32,1,1.1,3,120,0,0,0
182,3,2.6,3,0,1,0,1
19,2,0.2,3,0,0,0,0
85,1,3.4,3,0,1,0,1
90,4,1.4,2,0,0,1,0
59,2,3.7,1,134,0,0,0
84,1,2.0,1,0,0,0,0
95,2,3.9,2,0,1,0,0
13,3,0.9,3,0,0,0,0
88,4,0.8,1,0,0,0,0
34,2,0.6,3,0,0,0,0
11,4,0.6,3,0,0,0,0
80,4,1.7,2,0,0,0,0
41,1,1.33,1,0,0,0,0
90,2,0.8,3,0,0,0,0
93,3,3.0,3,0,1,0,1
81,4,1.9,2,0,0,0,0
60,2,2.8,1,0,0,0,0
39,3,0.6,2,0,0,0,0
22,3,0.7,2,0,0,0,0
32,2,0.8,1,79,0,1,0
28,1,1.2,3,0,0,0,0
35,2,1.0,2,0,0,0,0
154,3,7.5,3,351,1,0,1
189,2,7.6,1,0,0,0,0
40,4,1.9,3,84,0,0,0
88,2,1.7,2,0,0,0,0
124,2,0.6,1,0,0,0,0
23,2,0.3,3,0,0,0,0
23,4,0.7,1,0,0,0,0
139,2,2.0,1,0,0,0,0
173,4,2.7,1,427,1,0,0
42,4,1.3,3,153,0,0,0
161,1,2.9,1,160,0,0,0
28,3,0.7,2,0,0,0,0
191,4,5.2,3,194,1,0,0
42,2,0.3,1,106,0,0,0
81,4,4.0,3,0,0,0,0
175,3,0.7,1,312,1,0,0
82,3,0.1,1,0,0,0,0
53,1,1.8,3,0,0,0,0
142,3,5.5,1,0,1,0,0
42,4,1.9,3,0,0,0,0
64,4,2.9,1,189,0,0,0
90,2,1.3,1,0,0,1,0
44,1,0.8,2,0,0,0,0
29,1,0.3,3,0,0,0,0
93,2,1.6,1,0,0,0,0
69,3,1.4,3,132,0,0,0
82,2,1.7,2,0,0,0,0
180,2,6.5,3,0,1,0,1
13,2,0.7,3,0,0,0,0
72,1,0.0,1,178,0,0,0
54,3,1.7,1,0,0,0,0
104,1,4.6,1,0,0,0,0
44,2,1.9,2,157,0,0,0
40,1,0.2,1,0,0,1,1
190,2,4.5,1,246,0,0,0
64,4,2.6,1,0,0,0,0
9,2,0.3,2,99,0,1,0
38,4,0.7,2,0,0,0,0
72,3,2.6,3,0,0,0,0
82,1,5.2,1,79,0,0,0
48,2,1.6,3,119,0,1,0
82,4,2.6,3,294,0,0,0
14,2,1.0,2,83,0,0,0
162,1,2.9,1,0,0,0,0
54,2,1.7,1,0,0,0,0
90,2,0.0,1,0,0,0,0
64,4,1.7,1,0,0,0,0
65,3,2.1,3,0,0,0,0
113,2,6.3,1,0,0,0,0
38,2,2.1,3,0,0,0,0
65,1,1.5,3,0,0,0,0
39,4,1.5,3,0,0,0,0
174,2,6.7,1,0,0,0,0
59,2,1.75,3,0,0,0,0
43,2,1.7,1,0,0,0,0
24,2,0.1,3,0,0,0,0
50,1,0.0,2,166,0,0,0
68,1,3.7,3,0,0,0,0
61,3,2.0,3,0,0,0,0
21,4,0.5,2,0,0,0,0
21,2,0.5,2,0,0,0,0
31,4,1.3,1,0,0,0,0
70,4,0.7,1,0,0,1,0
25,3,1.0,2,135,0,0,0
78,1,1.0,3,0,0,0,0
19,1,0.2,1,0,0,0,0
23,1,0.3,3,0,0,0,0
40,4,0.8,1,0,0,0,0
22,1,0.3,3,0,0,0,0
71,4,1.8,2,0,0,1,0
58,1,3.6,2,0,0,0,0
75,3,2.2,1,0,0,0,0
40,1,2.0,2,110,0,0,0
155,1,1.5,3,0,1,0,0
83,4,2.2,2,0,0,0,0
99,3,1.1,1,0,0,0,0
59,1,0.0,2,0,0,1,0
53,3,2.4,2,0,0,0,0
11,4,0.2,1,0,0,1,0
179,4,4.2,3,0,1,0,0
71,2,1.75,3,0,0,0,0
85,4,2.1,3,0,0,0,0
49,3,2.1,3,0,0,1,0
122,2,1.3,1,0,0,0,0
171,2,3.3,1,0,0,0,0
138,2,2.2,2,0,1,0,0
8,4,0.4,3,0,0,1,0
59,4,0.4,1,0,0,0,0
49,3,2.8,1,0,0,0,0
92,2,2.0,1,0,0,0,0
75,4,0.0,1,0,0,0,0
60,1,2.8,2,0,0,0,0
41,2,1.7,2,0,0,0,0
40,3,0.6,2,0,0,0,0
81,2,0.4,1,146,0,0,0
52,1,0.8,3,196,0,0,0
25,4,1.0,1,0,0,0,0
139,1,3.4,1,353,0,0,0
54,1,1.2,2,0,0,0,0
81,1,2.9,1,0,0,0,0
73,3,2.2,1,0,0,1,0
30,4,1.0,3,0,0,0,0
59,3,2.4,1,0,0,0,0
21,3,1.5,1,0,0,0,0
65,3,0.7,2,104,0,0,0
41,3,1.1,2,161,0,0,0
52,4,0.1,3,121,0,0,0
84,4,1.1,2,180,0,0,0
135,2,7.2,1,0,0,0,0
18,4,0.2,3,0,0,1,0
34,1,0.7,1,0,0,0,0
85,4,1.8,3,0,0,0,0
23,1,1.4,3,0,0,0,0
65,4,2.8,2,0,0,0,0
195,1,2.9,1,0,0,0,0
40,4,2.6,1,89,0,0,0
141,2,0.2,3,0,1,0,0
95,2,0.7,2,322,0,0,0
23,3,1.3,2,131,0,0,0
82,2,1.8,2,0,0,0,0
53,4,1.9,3,0,0,0,0
10,4,0.4,1,87,0,0,0
75,1,1.9,2,125,0,0,0
23,4,0.4,2,122,0,0,0
133,1,2.6,1,0,0,0,0
129,1,3.4,1,0,0,0,0
85,4,0.1,2,131,0,0,0
168,2,2.8,1,308,0,0,0
83,4,2.0,3,0,0,0,0
52,2,1.1,2,0,0,0,0
114,1,0.6,1,0,0,1,1
81,1,2.9,3,0,0,0,0
32,1,1.5,2,0,0,0,0
63,3,2.1,3,0,0,0,0
70,3,1.6,3,0,0,0,0
20,2,0.3,1,0,0,0,0
138,2,3.3,1,0,0,0,0
63,4,1.6,2,0,0,0,0
85,1,1.3,3,118,0,0,0
180,2,6.5,2,0,1,1,1
80,4,2.0,3,0,0,0,0
53,1,0.7,3,0,0,0,0
72,2,1.7,2,75,0,0,0
123,3,5.9,1,0,1,0,1
91,2,0.8,3,0,0,0,0
148,2,6.8,1,0,0,0,0
163,2,1.3,3,0,1,0,0
28,4,0.1,3,149,0,0,0
193,1,8.6,1,0,0,0,0
22,3,0.9,3,0,0,0,0
74,4,0.7,1,0,0,0,0
70,4,1.9,3,0,0,0,0
11,1,0.1,2,0,0,0,0
61,3,2.6,2,0,0,0,0
41,1,0.8,1,0,0,0,0
108,4,1.9,2,0,1,0,0
23,4,1.1,3,0,0,0,0
135,2,3.8,3,183,1,0,0
30,2,0.7,3,86,0,0,0
144,4,3.5,2,0,1,0,0
139,4,0.4,1,0,1,0,0
143,2,2.7,3,209,1,0,0
44,1,1.2,1,0,0,0,0
49,4,2.5,2,0,0,0,0
75,4,0.1,2,182,0,0,0
43,2,0.3,1,0,0,0,0
59,3,0.5,3,0,0,0,0
154,3,4.9,1,0,1,0,1
75,1,0.7,3,0,0,0,0
75,1,2.6,2,0,0,0,0
88,2,1.6,1,278,0,0,0
91,1,3.4,3,0,1,0,0
11,1,0.67,3,0,0,1,1
22,1,0.4,3,0,0,0,0
49,2,0.8,3,220,0,0,0
140,1,3.5,1,342,0,0,0
99,2,2.4,2,0,0,0,0
82,2,2.5,1,199,0,0,0
10,4,1.0,1,81,0,0,0
109,4,2.2,2,103,0,0,0
45,4,1.3,3,0,0,0,0
93,2,1.7,2,0,0,0,0
89,3,3.9,2,216,1,1,1
39,3,1.0,2,132,0,0,0
21,1,0.2,1,89,0,0,0
31,3,0.2,1,0,0,0,0
31,1,0.5,3,0,0,0,0
52,4,2.2,2,0,0,0,0
13,1,0.9,3,0,0,0,0
21,2,0.4,3,76,0,1,0
50,4,1.7,1,189,0,0,0
81,4,0.2,3,0,0,0,0
74,4,1.9,1,0,0,0,0
89,3,0.5,1,0,0,0,0
82,3,0.9,2,0,0,0,0
88,4,1.9,2,0,0,0,0
61,3,2.1,3,0,0,0,0
139,2,3.9,1,0,0,0,0
29,1,1.3,2,0,0,0,0
51,3,2.1,1,0,0,0,0
58,1,1.8,3,241,0,0,0
21,2,1.4,3,125,0,0,0
43,2,1.67,2,0,0,0,0
104,2,1.8,2,0,0,0,0
9,1,0.5,2,98,0,0,0
39,3,1.9,2,0,0,0,0
89,1,2.7,1,0,0,1,1
21,2,0.3,3,0,0,0,0
173,3,3.1,3,0,1,0,0
29,1,0.3,3,105,0,0,0
43,4,0.2,2,0,0,0,0
30,3,0.4,2,0,0,0,0
39,4,0.1,3,0,0,1,0
83,2,0.4,3,248,0,0,0
58,3,0.7,2,223,0,0,0
8,1,0.5,2,0,0,0,0
39,3,1.0,3,0,0,1,0
204,2,8.8,1,0,0,0,0
45,1,1.8,1,0,0,0,0
111,1,3.8,1,0,0,1,0
83,2,2.0,2,148,0,0,0
83,1,3.0,3,0,0,0,0
115,2,2.8,1,202,0,0,0
60,1,1.8,3,227,0,0,0
53,1,1.8,1,0,0,0,0
134,2,3.3,1,0,0,0,0
91,1,0.8,3,0,0,0,0
91,2,0.2,1,0,0,0,0
128,2,3.9,1,0,0,0,0
78,3,4.4,1,0,0,1,0
161,2,7.6,1,464,0,0,0
60,3,2.2,3,0,0,0,0
161,1,4.1,1,509,0,1,0
40,4,2.0,2,0,0,0,0
68,1,0.2,2,0,0,0,0
74,3,0.7,1,0,0,0,0
55,3,2.0,2,93,0,0,0
145,1,3.5,1,0,0,0,0
24,1,1.5,2,0,0,0,0
10,1,0.8,2,0,0,0,0
138,2,3.9,1,0,0,1,0
63,4,2.1,3,0,0,0,0
54,4,0.1,3,0,0,0,0
62,3,0.9,3,0,0,0,0
81,1,0.1,3,0,0,0,0
61,3,3.0,2,0,0,0,0
68,1,1.6,3,0,0,0,0
78,2,2.8,1,0,0,0,0
165,2,7.6,1,157,0,0,0
48,3,2.2,2,0,0,0,0
155,3,7.2,2,0,1,0,0
158,2,3.7,3,251,1,0,0
52,1,1.4,1,0,0,0,0
18,4,0.8,1,0,0,0,0
42,4,1.7,1,0,0,0,0
18,2,0.2,3,0,0,0,0
40,2,0.3,1,0,0,1,1
44,4,0.6,2,0,0,1,1
11,1,0.2,1,87,0,0,0
194,2,5.7,2,0,1,0,0
108,2,2.4,2,0,0,0,0
12,4,0.5,2,0,0,0,0
19,3,1.5,1,94,0,0,0
150,1,6.33,1,0,0,0,0
89,4,1.9,3,0,0,0,0
83,2,3.8,3,0,0,1,0
79,4,2.0,2,0,0,0,0
102,4,3.4,2,0,0,0,0
155,1,7.3,1,0,0,0,0
138,1,3.5,1,0,0,0,0
51,3,1.7,1,0,0,0,0
80,2,1.8,2,86,0,0,0
135,2,3.3,1,0,0,1,1
34,4,1.5,2,162,0,0,0
195,3,6.33,3,0,1,1,1
62,3,2.2,3,217,0,0,1
173,2,3.3,1,243,0,0,0
149,2,7.2,1,0,0,0,0
20,1,0.2,1,131,0,0,0
42,4,2.5,1,0,0,0,0
28,1,0.6,3,0,0,0,0
95,1,1.9,2,0,0,0,0
95,2,0.0,3,0,0,0,0
34,1,0.1,1,124,0,0,0
191,2,4.3,3,205,1,0,0
41,2,1.5,1,173,0,0,0
150,1,7.4,1,481,0,0,0
91,2,0.0,3,146,0,0,0
84,4,2.2,2,0,0,0,0
73,4,3.4,1,140,0,0,0
122,1,0.3,1,0,0,0,0
73,1,2.6,2,133,0,0,0
20,2,0.3,3,0,0,0,0
130,4,1.1,1,281,1,0,1
85,3,3.4,3,0,1,0,0
134,2,3.3,1,0,0,0,0
98,3,1.8,2,80,0,0,0
54,2,1.6,3,0,0,1,0
41,3,2.0,1,0,0,0,0
128,4,6.0,3,0,1,0,0
132,3,2.6,1,308,1,0,0
188,1,2.9,3,0,1,0,0
170,4,6.1,2,0,1,0,1
14,3,0.9,3,111,0,0,0
93,1,2.8,3,0,0,0,0
79,1,2.7,2,0,0,0,0
79,4,2.2,2,0,0,0,0
62,4,1.8,3,119,0,0,0
95,2,0.2,1,0,0,1,0
60,4,1.3,3,0,0,0,0
75,1,1.5,2,0,0,0,0
85,4,0.1,2,0,0,0,0
143,1,4.1,1,0,0,0,0
34,1,2.0,2,112,0,0,0
44,2,1.7,1,0,0,0,0
31,4,0.9,2,151,0,1,0
13,4,0.8,1,111,0,0,0
52,4,1.5,1,0,0,0,0
42,1,0.2,3,102,0,0,0
102,4,2.1,3,139,0,0,0
143,2,6.4,3,0,1,1,1
10,4,0.7,3,0,0,0,0
44,1,1.1,3,0,0,0,0
158,2,6.0,1,306,0,1,1
12,2,1.0,2,0,0,0,0
59,1,1.2,1,139,0,0,0
92,1,1.9,2,0,0,0,0
82,2,2.8,1,0,0,0,0
44,4,0.0,2,0,0,0,0
182,2,3.2,2,0,1,0,0
121,2,0.4,1,0,0,0,0
38,1,1.7,1,0,0,0,0
92,2,2.7,1,0,0,1,1
53,2,1.6,3,0,0,0,0
45,3,2.3,1,83,0,1,0
63,1,3.6,2,0,0,1,0
181,1,8.1,1,0,0,0,0
184,2,4.2,3,577,1,0,1
33,3,0.5,1,136,0,0,1
22,3,0.2,1,0,0,0,0
99,2,2.7,1,0,0,0,0
44,3,1.0,2,193,0,0,0
101,4,3.4,2,0,0,0,0
32,1,2.0,2,0,0,0,0
59,4,2.67,1,0,0,0,0
25,2,0.5,2,0,0,0,0
140,3,5.6,1,0,1,0,0
29,1,0.75,3,0,0,0,0
35,1,0.7,1,0,0,0,0
141,4,6.3,1,0,1,1,1
75,4,2.0,3,79,0,0,0
58,2,2.8,1,0,0,0,0
41,2,1.1,1,0,0,0,0
42,2,2.0,2,196,0,0,0
55,3,1.1,2,0,0,0,0
18,4,0.3,2,84,0,0,0
75,4,2.3,3,0,0,1,0
85,2,2.5,1,0,0,0,0
43,4,1.1,2,0,0,0,0
149,2,3.9,1,319,0,0,0
25,2,1.0,2,0,0,1,1
19,4,0.4,2,103,0,0,0
18,1,0.4,3,0,0,0,0
13,4,0.6,2,0,0,0,0
41,1,2.4,2,0,0,0,0
139,1,4.3,1,0,0,0,0
62,3,2.33,1,131,0,0,1
51,3,2.0,1,130,0,0,0
71,3,3.0,1,272,0,0,0
145,1,2.7,3,0,1,0,0
45,4,1.2,2,138,0,0,0
53,4,1.9,3,0,0,0,0
64,1,1.5,3,0,0,0,0
39,4,0.8,1,0,0,0,0
38,3,2.2,3,0,0,1,0
85,3,2.5,1,0,0,0,0
61,3,2.7,2,0,0,0,0
23,1,1.2,3,127,0,0,0
122,1,2.4,1,330,0,0,0
72,4,0.7,3,0,0,0,0
123,1,7.3,1,0,0,0,0
40,1,1.6,1,0,0,1,1
62,4,2.8,2,0,0,0,0
113,2,3.3,1,0,0,0,0
81,4,3.8,2,0,0,0,0
59,4,1.6,1,0,0,0,0
25,2,0.7,2,103,0,0,0
25,4,0.6,2,0,0,0,0
14,4,0.5,3,0,0,0,0
19,1,0.1,1,0,0,0,0
61,1,2.5,3,0,0,0,0
21,1,0.1,1,0,0,0,0
44,1,1.33,1,0,0,0,0
42,3,1.5,1,0,0,0,0
52,1,1.4,3,207,0,1,0
112,1,0.0,1,0,0,0,0
34,1,0.4,3,0,0,0,0
83,2,1.7,3,245,0,0,0
24,4,0.4,2,137,0,0,0
71,2,1.7,2,0,0,0,0
181,2,2.3,2,0,1,0,1
75,4,0.2,3,102,0,0,0
153,2,3.0,1,0,0,0,0
75,2,1.8,2,0,0,0,0
19,4,0.4,2,0,0,0,0
31,4,1.5,2,0,0,0,0
178,3,8.5,1,0,1,1,1
65,2,1.5,1,220,0,0,0
8,1,0.3,1,97,0,0,0
92,2,1.1,1,0,0,0,0
145,4,1.8,1,198,1,0,0
85,1,3.7,3,272,0,0,0
149,1,4.7,1,0,0,0,0
9,4,0.6,2,100,0,0,0
164,2,3.8,3,422,1,0,1
40,3,0.5,2,100,0,1,0
54,1,2.5,3,0,0,0,0
164,2,4.0,3,301,1,0,0
140,1,4.6,1,0,0,0,0
18,1,0.4,3,0,0,0,0
12,4,1.0,1,0,0,1,0
140,2,2.7,1,0,0,0,0
24,2,0.8,3,0,0,0,0
60,2,1.8,1,0,0,0,0
50,2,0.8,3,0,0,0,0
44,1,1.9,2,0,0,0,0
51,4,2.2,2,110,0,0,0
34,2,1.3,1,116,0,0,0
33,2,0.5,2,0,0,0,0
63,2,1.5,1,0,0,0,0
22,2,0.0,3,0,0,0,0
104,2,3.6,3,0,1,0,0
75,3,0.3,3,0,0,0,0
75,2,1.7,3,0,0,0,0
62,4,3.6,3,83,0,0,0
48,1,1.8,1,169,0,0,0
73,2,2.8,1,0,0,0,0
135,2,1.4,1,82,0,0,0
61,3,2.2,3,117,0,0,0
78,3,2.0,2,0,0,0,0
40,3,0.9,3,0,0,0,0
44,1,0.2,3,0,0,0,0
45,2,2.5,1,0,0,0,0
18,2,0.4,1,0,0,0,0
53,4,2.3,3,174,0,0,0
11,3,0.1,2,0,0,0,0
38,3,0.6,2,0,0,0,0
28,1,1.5,2,0,0,1,1
35,2,0.3,1,88,0,0,1
81,3,1.7,2,171,0,0,0
90,2,0.8,3,205,0,0,0
115,1,4.0,1,0,0,0,0
78,1,0.2,2,0,0,0,0
30,4,1.9,3,0,0,0,0
39,4,0.8,1,0,0,0,0
69,3,0.1,1,0,0,0,0
29,3,0.2,1,79,0,0,0
54,4,2.2,2,0,0,0,0
60,3,2.8,1,0,0,0,1
99,1,0.1,3,0,0,0,0
51,3,2.2,1,0,0,0,0
53,3,0.5,3,0,0,1,1
111,2,5.3,2,0,1,0,0
79,3,0.8,1,302,0,0,0
90,1,2.8,2,0,0,0,0
18,2,0.3,1,124,0,0,0
73,3,2.4,1,0,0,0,0
59,3,0.8,3,91,0,0,0
40,2,0.3,1,0,0,0,0
41,1,1.5,2,0,0,0,1
53,1,2.1,3,0,0,0,0
128,2,4.33,1,0,0,0,0
145,2,6.0,3,0,1,0,0
35,4,1.0,3,0,0,0,0
28,2,0.8,3,0,0,0,0
155,1,1.0,1,256,0,0,0
195,2,3.0,1,0,0,0,0
50,4,2.2,2,0,0,0,0
48,3,0.8,3,0,0,0,0
81,1,3.6,2,0,0,0,0
50,1,1.5,1,0,0,0,0
21,3,0.2,2,0,0,0,0
142,2,0.0,1,0,0,1,0
64,4,0.4,1,0,0,0,0
91,1,3.0,3,0,0,0,0
74,1,2.6,2,0,0,0,0
182,1,3.7,3,0,1,0,0
82,4,2.67,1,0,0,0,0
45,4,2.6,1,0,0,0,0
85,2,3.2,1,0,0,1,0
133,1,0.6,1,328,0,0,0
22,1,0.5,2,0,0,0,0
24,4,0.5,2,0,0,0,0
38,3,2.2,3,178,0,1,1
80,2,0.0,3,0,0,0,0
33,3,0.5,1,108,0,0,0
41,4,1.8,3,147,0,0,0
90,4,1.1,2,0,0,1,0
89,1,2.8,3,153,0,0,0
8,2,0.9,3,0,0,0,0
85,1,1.9,1,0,0,0,0
53,3,1.7,1,0,0,0,0
20,3,0.1,3,0,0,0,0
9,1,1.0,1,0,0,0,0
25,4,0.6,1,0,0,0,0
114,1,1.7,1,0,0,0,0
41,4,1.0,3,0,0,0,0
49,4,2.1,3,0,0,0,0
12,4,0.7,3,0,0,0,0
50,3,2.5,2,0,0,0,0
30,4,0.2,2,0,0,0,0
32,4,0.6,1,77,0,0,0
41,4,2.0,2,0,0,0,0
25,3,0.1,2,0,0,0,0
29,1,0.3,1,0,0,0,0
50,4,1.7,2,0,0,0,0
79,3,0.7,1,0,0,0,0
110,1,3.8,1,0,0,0,0
40,2,1.67,2,129,0,1,0
18,1,0.6,3,0,0,0,0
48,1,0.3,1,0,0,0,0
40,4,1.0,3,0,0,0,0
19,2,1.0,2,92,0,0,0
35,1,1.33,1,131,0,0,0
133,2,3.1,2,0,1,0,0
19,2,0.5,2,0,0,0,0
83,4,2.67,1,0,0,0,0
39,3,2.1,3,0,0,0,0
38,3,0.5,2,0,0,0,0
63,1,2.5,3,0,0,0,0
85,3,2.0,2,0,0,0,0
14,4,1.0,1,0,0,0,0
64,4,1.5,1,0,0,0,0
124,1,3.8,1,405,0,0,0
20,1,0.2,1,0,0,1,1
33,3,0.1,3,0,0,0,0
80,3,2.5,1,0,0,0,0
35,2,0.2,3,0,0,0,0
74,3,0.7,1,0,0,1,0
32,2,0.7,2,0,0,0,0
73,4,0.7,1,241,0,0,0
41,2,0.8,1,0,0,0,0
18,1,1.5,2,0,0,0,0
28,4,1.5,2,0,0,0,0
64,1,2.67,2,0,0,0,0
44,2,0.7,2,192,0,0,0
109,3,1.0,1,0,0,1,0
71,3,0.3,3,179,0,0,0
79,2,1.1,1,0,0,1,0
30,2,1.0,2,0,0,0,0
82,2,0.4,1,0,0,0,0
101,3,2.0,2,270,0,0,0
13,2,0.1,2,0,0,0,1
59,3,1.4,3,0,0,0,0
64,2,1.5,1,0,0,0,0
188,2,4.5,1,0,0,1,0
28,2,0.3,1,148,0,0,0
120,2,4.2,3,76,1,0,0
131,1,5.4,1,0,0,0,0
19,3,0.5,2,97,0,1,0
44,4,1.3,3,0,0,1,0
49,3,2.2,2,0,0,1,0
99,2,4.5,3,249,0,0,0
95,1,3.0,3,0,0,0,0
81,4,1.8,3,0,0,0,0
73,2,0.8,3,264,0,0,1
193,2,6.5,1,0,0,0,0
115,2,0.5,3,0,1,0,0
41,2,0.6,3,0,0,0,0
80,2,1.7,3,0,0,0,0
90,4,1.1,2,0,0,0,0
41,1,0.2,1,81,0,0,0
102,2,6.3,1,0,0,0,0
59,1,1.5,3,0,0,0,0
69,3,0.3,3,0,0,0,0
83,1,3.1,1,0,1,0,0
49,3,2.4,2,0,0,0,0
180,1,3.6,3,571,1,0,1
61,3,2.2,3,0,0,0,0
59,4,0.2,3,0,0,0,0
85,4,2.1,3,0,0,0,0
13,1,0.5,3,0,0,0,0
151,3,0.6,2,0,1,0,0
44,3,1.0,2,0,0,0,0
53,3,0.8,3,154,0,0,0
133,1,5.0,2,0,1,0,0
31,3,0.9,3,78,0,0,0
101,4,2.2,2,0,0,0,0
61,3,2.8,1,0,0,0,0
68,3,2.6,2,0,0,0,0
21,4,0.8,1,0,0,0,0
149,2,0.4,1,0,0,0,0
75,1,1.4,3,0,0,0,0
55,1,2.5,3,0,0,0,0
81,2,3.7,1,226,0,0,0
179,1,8.6,1,0,0,0,0
81,2,3.4,2,0,1,0,0
42,1,1.2,2,0,0,0,0
199,2,6.67,1,0,0,0,0
18,1,0.5,2,0,0,0,0
28,1,0.3,3,0,0,0,0
80,4,2.6,3,143,0,0,0
79,1,3.6,2,104,0,0,0
52,2,1.0,2,0,0,0,0
18,2,0.3,2,0,0,0,0
52,4,1.7,1,218,0,0,0
15,4,0.7,3,102,0,0,0
84,4,0.7,3,0,0,0,0
114,1,0.8,3,0,0,0,0
41,3,0.5,3,0,0,0,0
29,3,0.9,1,126,0,0,0
23,1,0.1,1,96,0,0,0
84,1,2.4,1,0,0,0,0
60,3,1.7,1,0,0,1,1
13,3,0.67,2,0,0,0,0
45,2,0.6,3,0,0,0,0
83,1,2.8,1,0,0,0,0
102,4,4.7,2,81,1,0,0
58,4,2.3,3,169,0,0,0
134,1,1.7,2,307,1,0,0
130,3,2.9,2,0,1,0,0
148,2,3.3,1,0,0,0,1
92,1,0.2,2,0,0,0,0
142,4,6.2,2,120,1,0,1
62,4,0.7,1,0,0,0,0
50,1,1.5,1,0,0,0,0
29,1,0.6,3,0,0,0,0
85,2,2.5,1,293,0,1,1
78,4,0.4,1,0,0,0,0
85,4,1.9,3,0,0,0,0
89,2,1.7,2,0,0,0,0
33,3,0.9,3,0,0,0,0
42,1,2.1,3,0,0,0,0
31,4,1.7,1,124,0,0,0
143,4,6.6,2,0,1,0,0
35,4,0.8,1,0,0,0,0
22,1,0.1,2,0,0,0,0
45,1,1.7,1,84,0,0,0
119,2,3.3,1,0,0,0,0
43,4,1.3,1,0,0,0,0
75,3,0.9,2,0,0,0,0
121,1,4.3,1,0,0,0,0
63,1,0.8,3,0,0,0,0
58,2,1.7,1,0,0,0,0
184,3,8.0,1,0,1,0,0
155,2,6.5,1,0,0,0,0
69,3,2.67,2,0,0,0,0
188,2,7.0,2,581,1,0,0
38,3,0.6,2,0,0,1,0
9,2,0.3,2,0,0,0,0
69,4,2.1,3,0,0,0,0
199,1,6.33,1,0,0,0,0
38,1,0.8,1,0,0,0,0
129,1,5.0,1,0,0,1,0
59,2,1.9,2,0,0,0,0
115,1,1.9,1,200,0,0,0
83,4,0.1,2,0,0,0,0
65,2,3.2,1,0,0,0,0
72,3,2.3,1,124,0,0,0
72,1,1.6,3,0,0,0,0
63,3,0.5,3,221,0,0,0
64,4,1.8,2,0,0,0,0
194,1,1.7,1,0,0,0,0
104,1,4.0,3,0,0,0,1
180,1,1.7,1,550,0,0,0
18,2,1.0,2,88,0,0,0
93,1,2.8,3,328,0,1,1
32,1,1.33,1,137,0,0,0
68,3,2.1,1,0,0,1,0
38,2,1.6,3,0,0,0,0
115,1,2.7,2,283,0,0,0
161,2,7.2,1,0,0,0,0
154,2,2.8,1,94,0,0,0
68,4,0.0,1,0,0,0,0
44,3,1.0,3,0,0,0,0
149,2,0.4,1,0,0,0,0
103,1,2.6,1,0,0,0,0
41,4,1.3,2,0,0,0,0
113,2,2.8,1,0,0,0,0
48,4,1.3,2,0,0,0,0
69,4,1.8,2,0,0,0,0
43,4,1.1,2,164,0,0,0
19,1,0.3,3,0,0,0,0
65,3,2.1,3,0,0,0,0
32,3,0.4,2,0,0,0,0
20,1,0.3,1,0,0,0,0
25,2,0.8,3,0,0,0,0
70,1,2.8,1,0,0,0,0
70,4,2.3,3,0,0,0,0
103,3,2.0,2,167,0,0,0
162,3,1.4,1,400,1,0,0
61,2,2.8,1,153,0,0,0
170,1,6.0,1,0,0,0,0
49,1,2.8,1,0,0,0,0
108,2,2.75,3,0,1,1,0
62,3,2.0,3,0,0,0,0
102,3,1.7,2,0,0,0,0
141,3,0.7,1,0,1,0,1
8,2,1.0,1,0,0,0,0
91,2,1.6,1,0,0,1,0
10,3,0.5,1,0,0,0,0
35,2,1.7,2,119,0,0,0
71,3,0.3,3,0,0,0,0
59,3,2.4,1,0,0,0,0
14,2,0.9,3,0,0,0,0
122,2,0.2,1,0,0,0,0
81,3,1.5,1,307,0,1,1
35,1,0.5,3,150,0,0,0
83,2,1.4,1,75,0,1,0
121,1,1.5,1,0,0,0,0
35,3,1.0,1,0,0,1,0
140,4,6.6,3,0,1,0,1
88,1,2.8,3,0,0,1,0
70,2,1.1,1,0,0,1,0
63,1,1.5,3,0,0,0,0
125,1,3.5,1,0,0,0,0
21,4,1.0,1,0,0,0,0
75,2,1.8,1,0,0,0,0
38,1,1.33,1,0,0,1,0
58,4,2.67,1,0,0,0,0
31,3,0.4,2,0,0,0,0
18,4,1.5,3,0,0,0,0
29,1,1.5,2,159,0,0,0
29,2,1.4,3,0,0,0,0
69,3,0.1,1,247,0,0,0
121,1,4.9,1,0,0,0,0
64,1,1.8,3,147,0,0,0
84,4,2.2,2,323,0,0,0
65,3,0.7,2,0,0,0,0
85,3,1.8,2,0,0,0,0
44,3,1.5,1,153,0,0,0
174,1,4.7,1,0,0,0,0
178,1,2.9,1,0,0,0,0
55,4,2.5,1,0,0,0,0
25,4,0.9,2,90,0,0,0
21,1,0.2,1,0,0,0,0
72,3,0.3,3,0,0,0,0
129,1,0.3,1,0,0,0,0
18,1,0.4,3,0,0,0,0
91,4,1.4,2,0,0,0,0
38,1,0.5,3,144,0,0,0
21,3,1.0,1,0,0,0,0
38,1,1.1,3,0,0,0,0
154,1,1.7,1,0,0,0,0
178,1,4.1,1,207,0,0,0
85,1,0.2,2,0,0,1,1
93,2,1.6,1,161,0,0,0
151,2,6.0,1,0,0,0,0
78,4,2.2,2,236,0,1,0
135,1,1.5,1,0,0,0,0
40,1,0.3,1,116,0,0,0
80,4,0.1,2,0,0,0,0
18,2,0.0,1,0,0,0,0
74,2,0.7,2,0,0,0,0
94,4,1.8,3,232,0,0,0
173,1,0.5,2,0,1,0,0
88,4,1.0,2,0,0,0,0
82,1,4.3,1,263,0,0,0
54,3,2.1,1,0,0,0,0
45,3,0.9,1,101,0,1,0
39,1,2.0,2,0,0,0,0
20,4,1.0,1,116,0,0,0
93,4,1.8,3,0,0,0,0
85,3,1.2,3,0,0,0,0
95,3,0.8,1,0,0,0,0
48,2,1.9,2,0,0,0,0
22,1,1.2,3,0,0,0,0
33,1,0.75,3,171,0,0,0
40,2,2.1,3,156,0,0,0
30,4,0.4,2,78,0,0,0
22,4,0.8,1,0,0,0,0
20,1,0.6,3,0,0,0,0
49,3,2.5,2,0,0,0,0
25,3,0.1,2,0,0,1,0
150,2,7.2,1,0,0,0,0
32,4,0.3,1,0,0,0,0
9,2,0.2,1,0,0,0,0
23,2,0.9,3,0,0,1,0
18,4,1.0,1,0,0,0,0
42,3,0.6,2,121,0,0,0
39,1,2.0,1,153,0,0,0
84,4,1.6,2,0,0,0,0
101,3,3.8,3,150,1,0,0
43,4,0.4,1,0,0,0,0
28,4,1.0,1,130,0,0,0
59,2,2.5,1,155,0,0,0
29,4,1.5,3,146,0,0,0
39,2,1.3,1,101,0,0,0
42,4,1.3,3,0,0,1,0
24,4,1.0,1,0,0,0,0
62,3,0.3,3,0,0,0,0
33,4,0.3,1,142,0,0,0
73,1,2.5,1,135,0,0,0
88,2,0.0,1,121,0,0,0
58,3,2.8,1,0,0,0,0
48,2,2.1,3,0,0,0,0
40,1,2.8,2,0,0,0,0
160,1,4.3,1,249,0,0,0
39,3,1.5,1,0,0,0,0
53,1,2.0,1,0,0,0,0
32,3,0.5,2,0,0,0,0
32,3,0.6,2,0,0,0,0
11,2,0.3,1,96,0,0,0
123,2,3.0,3,0,1,0,0
184,4,2.2,3,612,1,0,0
60,3,0.7,2,142,0,0,0
41,3,2.2,3,0,0,0,0
99,2,1.4,1,0,0,0,0
83,3,3.0,2,0,0,0,0
134,2,3.3,1,0,0,0,0
85,2,1.7,2,0,0,0,0
41,3,0.9,1,179,0,0,0
44,1,0.3,3,0,0,1,1
62,1,0.1,1,0,0,0,0
149,1,4.7,1,0,0,0,0
115,2,4.2,3,0,1,1,1
25,3,1.0,1,0,0,0,0
84,2,1.6,1,0,0,0,0
81,2,0.0,3,225,0,0,0
181,1,4.3,1,230,0,0,0
62,1,1.8,3,0,0,0,0
11,1,0.5,3,80,0,0,0
60,4,2.1,3,217,0,0,0
42,1,2.1,3,144,0,0,0
83,4,2.2,2,0,0,0,0
109,1,0.6,1,0,0,0,0
70,1,0.3,1,217,0,0,0
25,2,0.4,1,113,0,0,0
72,3,1.4,3,218,0,0,0
183,2,0.0,1,0,0,0,0
44,4,2.5,1,0,0,0,0
52,4,0.2,1,0,0,0,0
18,4,0.4,2,0,0,0,0
40,4,0.4,1,135,0,0,0
174,3,4.6,2,590,1,0,0
41,4,2.5,2,0,0,0,0
81,2,2.5,1,313,0,0,0
128,1,4.7,1,0,0,0,0
135,3,4.8,2,0,1,0,0
65,2,2.4,2,260,0,0,0
145,2,0.5,1,119,0,0,0
65,2,1.0,3,0,0,0,0
119,1,2.9,1,0,0,1,0
124,2,0.3,1,0,0,0,0
33,4,1.5,3,0,0,1,0
41,1,0.2,1,0,0,0,0
105,1,4.7,1,0,0,0,0
130,2,2.7,1,0,0,0,0
80,4,1.3,3,0,0,0,0
115,1,0.8,2,0,0,0,0
62,2,0.8,3,0,0,0,0
165,1,7.0,3,541,1,0,0
34,3,0.6,2,128,0,0,0
18,1,0.4,3,121,0,0,0
44,1,0.3,1,0,0,0,0
25,1,0.8,2,142,0,0,0
52,2,2.2,3,0,0,0,0
133,4,1.4,2,342,1,0,0
71,2,3.2,1,0,0,0,0
61,4,0.2,3,0,0,0,0
62,2,3.2,3,118,0,0,0
33,3,0.1,3,0,0,0,0
28,2,2.0,2,0,0,0,0
53,4,1.9,1,187,0,0,0
69,3,0.7,2,0,0,0,0
165,2,6.0,1,0,0,0,0
75,3,0.3,3,0,0,0,0
54,3,1.5,1,0,0,0,0
142,1,1.5,3,0,1,0,0
53,4,0.1,3,0,0,0,0
41,1,1.0,1,0,0,0,0
43,4,1.7,1,98,0,0,0
79,3,2.67,1,0,0,0,0
24,2,0.2,3,140,0,0,0
73,3,2.33,1,0,0,1,1
129,3,4.1,3,0,1,0,1
50,3,2.2,3,0,0,0,0
28,2,0.8,1,0,0,0,0
64,4,1.8,3,0,0,0,0
49,3,0.9,3,0,0,0,1
121,1,5.4,1,158,0,0,0
58,3,2.0,3,0,0,0,0
51,3,1.4,3,0,0,0,0
61,4,0.9,1,0,0,1,1
35,1,0.3,3,120,0,1,0
39,3,2.0,3,0,0,1,1
74,1,1.4,3,0,0,1,0
201,2,2.8,1,0,0,0,0
81,2,0.4,1,0,0,0,0
44,1,2.4,1,0,0,0,0
19,1,1.4,3,96,0,0,0
85,4,1.3,3,299,0,0,0
74,4,2.2,1,0,0,0,0
54,3,1.1,2,0,0,0,0
58,2,2.5,1,0,0,0,0
18,2,0.1,2,119,0,0,0
88,1,3.8,1,243,0,0,0
19,3,0.5,1,89,0,0,0
49,1,2.2,3,128,0,0,0
101,3,0.6,2,0,0,0,0
138,2,6.1,1,0,0,0,0
25,2,0.1,2,0,0,0,0
120,1,0.0,1,0,0,0,0
153,2,7.5,1,0,0,0,0
28,1,1.3,2,94,0,1,0
110,1,2.9,3,0,0,0,0
94,1,2.0,1,0,0,0,0
48,1,1.3,2,0,0,0,0
123,2,0.6,1,0,0,0,0
33,4,1.2,2,82,0,1,0
42,2,0.7,2,110,0,0,0
68,3,3.0,1,0,0,0,0
28,4,1.5,3,91,0,0,0
42,3,0.5,3,0,0,0,0
28,1,0.3,1,0,0,0,0
73,3,3.0,1,0,0,0,0
89,2,2.7,1,0,0,0,0
82,4,3.4,2,0,0,0,0
83,2,1.7,2,0,0,0,0
121,1,0.7,2,0,1,0,1
28,1,1.2,3,98,0,0,0
39,2,0.3,1,0,0,0,0
110,3,1.8,2,109,0,0,0
55,1,1.4,3,0,0,0,0
111,1,4.3,1,0,0,0,0
94,1,4.7,1,0,0,0,0
85,2,1.6,3,0,0,0,0
81,2,1.4,1,0,0,0,0
94,3,0.5,3,0,0,0,0
162,1,8.6,1,0,0,0,1
80,4,1.7,3,0,0,0,0
70,3,2.0,2,116,0,0,0
19,3,0.5,1,0,0,0,0
112,2,1.6,2,0,1,0,0
109,1,2.4,1,308,0,0,1
12,1,0.1,2,0,0,0,0
33,3,1.7,2,0,0,0,0
49,2,1.7,1,106,0,0,0
42,1,1.3,2,0,0,0,0
41,2,0.3,1,108,0,0,0
43,1,0.7,1,0,0,0,0
64,4,0.0,1,249,0,0,0
19,1,1.0,1,0,0,0,0
65,1,2.2,3,0,0,0,0
53,4,1.8,3,0,0,0,0
32,3,1.5,1,75,0,0,0
22,3,1.5,1,0,0,0,0
39,2,0.7,3,0,0,0,0
59,4,0.2,3,0,0,1,0
50,2,1.75,3,0,0,0,0
19,1,0.9,3,0,0,0,0
55,1,1.6,2,197,0,1,0
81,1,3.0,3,0,0,0,0
108,3,1.2,3,0,0,0,0
122,3,3.0,3,0,1,0,1
98,2,4.5,3,306,0,0,0
110,1,4.9,1,0,0,0,0
33,1,1.8,2,78,0,0,0
34,1,0.7,1,143,0,0,0
69,1,0.1,2,0,0,0,0
41,4,2.5,1,0,0,0,0
60,2,0.4,3,250,0,0,0
95,2,1.7,2,0,0,0,0
73,1,1.4,3,0,0,1,0
41,3,2.2,3,148,0,0,0
68,4,4.0,3,0,0,0,0
64,4,1.7,2,0,0,0,0
29,4,1.0,2,0,0,0,0
31,1,1.8,2,0,0,0,0
54,3,0.8,3,0,0,0,0
63,4,2.0,3,0,0,0,0
92,1,2.6,2,213,0,0,0
135,3,5.3,1,0,1,0,1
195,2,3.0,1,122,0,0,0
45,4,0.2,1,0,0,0,0
72,1,2.9,1,0,0,0,0
98,4,2.3,3,0,0,0,0
30,3,1.7,2,162,0,0,0
78,1,2.9,3,0,0,0,0
43,3,1.7,2,159,0,0,0
85,1,2.5,1,136,0,0,0
38,1,1.0,3,0,0,0,0
58,4,2.0,3,219,0,0,0
92,1,1.9,2,100,0,0,0
13,4,0.5,3,0,0,0,0
218,2,6.67,1,0,0,0,0
75,3,2.0,3,0,0,0,0
40,1,1.9,3,0,0,0,0
15,4,0.4,1,85,0,0,0
24,2,0.3,3,0,0,0,0
49,3,0.5,2,0,0,0,0
83,3,0.8,1,0,0,0,0
